dataset,method,n_images,mean_passes,mean_input_mpx,mean_content_mpx,mean_local_scale,small_recall,precision,small_recall_per_input_mpx,delta_mpx_vs_F640,delta_small_recall_vs_F640,marginal_recall_per_added_mpx,mean_ms_1660_UAV_BT1,ms_per_input_mpx_1660_UAV_BT1,marginal_ms_per_added_mpx_1660_UAV_BT1,mean_ms_5060Ti_UAV_BT2,ms_per_input_mpx_5060Ti_UAV_BT2,marginal_ms_per_added_mpx_5060Ti_UAV_BT2
VisDrone_testdev,F640,1610,1.0,0.4096,0.2434703105590062,0.4505992198095541,0.2387817017310781,0.6708001041247604,0.5829631389918899,0.0,0.0,,17.397455217516317,42.47425590213944,,19.84732335386183,48.455379281889236,
VisDrone_testdev,F1280,1610,1.0,1.6384,0.9738812422360248,0.9011984396191082,0.4004283079851679,0.6752910043449497,0.24440204344797842,1.2288000000000001,0.16164660625408978,0.13154834493334128,33.720060931679555,20.58109187724582,13.283370535614614,26.247204782698674,16.020022450377606,5.208236839873732
VisDrone_testdev,DensK1,1610,2.0,0.8192,0.6511224844720497,1.0,0.3595605877337352,0.607147113403817,0.43891673307340723,0.4096,0.12077888600265713,0.2948703271549246,34.06050763970931,41.577768114879525,40.681280327619604,40.256946087120355,49.141779891504335,49.82818050111944
VisDrone_testdev,UnifAll,1610,7.11055900621118,2.9124849689440993,2.742459627329193,1.0,0.4511312486367512,0.5123464373464374,0.15489564871481745,2.502884968944099,0.2123495469056731,0.08484191224947016,112.20607180142036,38.52588871629435,37.87973389120687,136.59139018630904,46.89857343223621,46.64380036678171
VisDrone_testdev,SAHI640,1610,7.11055900621118,2.7553613913043478,2.742459627329193,1.0,0.2184370724356051,0.3587282378503259,0.07927710431196837,2.3457613913043476,-0.02034462929547301,-0.008672932111036449,373.2336533540587,135.45724148271358,151.69326234783054,507.0963135403646,184.03985594801145,207.71464309742547
UAVDT,F640,40735,1.0,0.4096,0.2169788064318154,0.6269495928971809,0.7080210828552973,0.4302497969270827,1.7285670968146907,0.0,0.0,,16.737519847793735,40.86308556590267,,,,
UAVDT,F1280,40735,1.0,1.6384,0.866695117221063,1.2538991857943618,0.7928931419974447,0.371897800920926,0.48394356811367467,1.2288000000000001,0.08487205914214735,0.06906905854666938,33.08099388486551,20.191036306680605,13.300353220273252,,,
UAVDT,DensK1,40735,2.0,0.8192,0.5625788064318153,1.0,0.7671612052784083,0.34748219515336554,0.9364760806621194,0.4096,0.05914012242311095,0.14438506450954822,32.96948507180509,40.245953456793316,39.62882134768397,,,
UAVDT,UnifAll,40735,3.0,1.2288,0.9081788064318154,1.0,0.7823922115737019,0.33163208841709285,0.6367124117624527,0.8191999999999999,0.07437112871840457,0.09078506923633371,47.17674575427023,38.392533979712105,37.157258186616815,,,
UAVDT,SAHI640,40735,3.0,0.9225582639008224,0.9081788064318154,1.0,0.7597340142266751,0.3529631442248071,0.8235078953326124,0.5129582639008223,0.05171293137137778,0.10081313629324079,163.99895947956506,177.76542240934867,287.08269267739786,,,
