timestamp, utilization.gpu [%], memory.used [MiB], temperature.gpu, clocks.current.sm [MHz], clocks.current.memory [MHz], power.draw [W], pstate
2026/10/06 16:25:19.862, 2 %, 3274 MiB, 35, 952 MHz, 7001 MHz, 13.13 W, P3
2026/10/06 16:25:21.871, 0 %, 3273 MiB, 35, 870 MHz, 7001 MHz, 13.10 W, P3
2026/10/06 16:25:23.883, 1 %, 3281 MiB, 36, 2692 MHz, 13801 MHz, 23.53 W, P1
2026/10/06 16:25:25.886, 16 %, 3501 MiB, 38, 2737 MHz, 13801 MHz, 31.01 W, P1
2026/10/06 16:25:27.897, 3 %, 3652 MiB, 36, 2752 MHz, 13801 MHz, 30.37 W, P1
2026/10/06 16:25:29.912, 7 %, 3695 MiB, 36, 2422 MHz, 7001 MHz, 30.53 W, P3
2026/10/06 16:25:31.914, 13 %, 3696 MiB, 37, 1905 MHz, 7001 MHz, 26.58 W, P3
2026/10/06 16:25:33.923, 16 %, 3691 MiB, 37, 1665 MHz, 7001 MHz, 21.64 W, P3
2026/10/06 16:25:35.931, 4 %, 3654 MiB, 36, 2145 MHz, 7001 MHz, 20.03 W, P3
2026/10/06 16:25:37.934, 19 %, 3651 MiB, 38, 2295 MHz, 7001 MHz, 25.27 W, P3
2026/10/06 16:25:39.948, 7 %, 3648 MiB, 37, 2640 MHz, 13801 MHz, 25.07 W, P1
2026/10/06 16:25:41.951, 23 %, 3649 MiB, 38, 1207 MHz, 7001 MHz, 23.05 W, P3
2026/10/06 16:25:43.960, 15 %, 3650 MiB, 37, 1935 MHz, 13801 MHz, 26.50 W, P1
2026/10/06 16:25:45.966, 0 %, 3650 MiB, 36, 2220 MHz, 7001 MHz, 20.55 W, P3
2026/10/06 16:25:47.972, 3 %, 3665 MiB, 36, 2160 MHz, 7001 MHz, 24.44 W, P3
2026/10/06 16:25:49.979, 0 %, 3764 MiB, 36, 1785 MHz, 7001 MHz, 20.58 W, P3
2026/10/06 16:25:51.991, 16 %, 3765 MiB, 38, 1252 MHz, 7001 MHz, 23.61 W, P3
2026/10/06 16:25:54.003, 12 %, 3775 MiB, 37, 1717 MHz, 7001 MHz, 21.70 W, P3
2026/10/06 16:25:56.012, 9 %, 3775 MiB, 36, 1440 MHz, 7001 MHz, 20.57 W, P3
2026/10/06 16:25:58.022, 15 %, 3704 MiB, 37, 2430 MHz, 7001 MHz, 25.68 W, P3
2026/10/06 16:26:00.031, 1 %, 3695 MiB, 36, 1447 MHz, 7001 MHz, 20.21 W, P3
2026/10/06 16:26:02.042, 16 %, 3697 MiB, 38, 2377 MHz, 7001 MHz, 23.45 W, P3
2026/10/06 16:26:04.050, 4 %, 3688 MiB, 36, 1807 MHz, 7001 MHz, 26.75 W, P3
2026/10/06 16:26:06.063, 4 %, 3680 MiB, 36, 1837 MHz, 7001 MHz, 24.00 W, P3
2026/10/06 16:26:08.076, 9 %, 3670 MiB, 37, 1882 MHz, 7001 MHz, 27.86 W, P3
2026/10/06 16:26:10.085, 17 %, 3671 MiB, 38, 1852 MHz, 7001 MHz, 23.87 W, P3
2026/10/06 16:26:12.100, 10 %, 3671 MiB, 37, 1860 MHz, 7001 MHz, 24.16 W, P3
2026/10/06 16:26:14.105, 13 %, 3730 MiB, 38, 1852 MHz, 7001 MHz, 20.72 W, P3
2026/10/06 16:26:16.121, 9 %, 3699 MiB, 37, 1950 MHz, 7001 MHz, 26.17 W, P3
2026/10/06 16:26:18.129, 14 %, 3720 MiB, 38, 2280 MHz, 7001 MHz, 25.00 W, P3
2026/10/06 16:26:20.139, 10 %, 3723 MiB, 37, 1762 MHz, 7001 MHz, 23.05 W, P3
2026/10/06 16:26:22.147, 0 %, 3695 MiB, 36, 1372 MHz, 7001 MHz, 19.87 W, P3
2026/10/06 16:26:24.152, 0 %, 3740 MiB, 38, 2925 MHz, 13801 MHz, 29.53 W, P1
2026/10/06 16:26:26.162, 11 %, 3739 MiB, 38, 2625 MHz, 13801 MHz, 29.98 W, P1
2026/10/06 16:26:28.176, 55 %, 3741 MiB, 38, 2925 MHz, 13801 MHz, 25.20 W, P1
2026/10/06 16:26:30.177, 0 %, 3742 MiB, 38, 2925 MHz, 13801 MHz, 32.52 W, P1
2026/10/06 16:26:32.191, 52 %, 3742 MiB, 38, 2925 MHz, 13801 MHz, 27.57 W, P1
2026/10/06 16:26:34.203, 0 %, 3743 MiB, 37, 2302 MHz, 13801 MHz, 31.93 W, P1
2026/10/06 16:26:36.213, 18 %, 3744 MiB, 38, 2400 MHz, 13801 MHz, 28.27 W, P1
2026/10/06 16:26:38.221, 3 %, 3746 MiB, 37, 1627 MHz, 7001 MHz, 20.84 W, P3
2026/10/06 16:26:40.237, 19 %, 3747 MiB, 37, 2310 MHz, 13801 MHz, 22.52 W, P1
2026/10/06 16:26:42.246, 6 %, 3747 MiB, 37, 1942 MHz, 7001 MHz, 25.62 W, P3
2026/10/06 16:26:44.258, 10 %, 3750 MiB, 37, 2235 MHz, 7001 MHz, 24.78 W, P3
2026/10/06 16:26:46.263, 0 %, 3751 MiB, 37, 1237 MHz, 7001 MHz, 20.10 W, P3
2026/10/06 16:26:48.272, 19 %, 3751 MiB, 37, 2190 MHz, 7001 MHz, 25.62 W, P3
2026/10/06 16:26:50.275, 12 %, 3753 MiB, 38, 2430 MHz, 7001 MHz, 24.31 W, P3
2026/10/06 16:26:52.284, 17 %, 3755 MiB, 38, 2167 MHz, 7001 MHz, 24.03 W, P3
2026/10/06 16:26:54.288, 16 %, 3756 MiB, 38, 2040 MHz, 7001 MHz, 22.29 W, P3
2026/10/06 16:26:56.300, 18 %, 3757 MiB, 38, 2407 MHz, 13801 MHz, 25.11 W, P1
2026/10/06 16:26:58.307, 0 %, 3758 MiB, 38, 2925 MHz, 13801 MHz, 28.27 W, P1
2026/10/06 16:27:00.318, 1 %, 3833 MiB, 37, 1462 MHz, 7001 MHz, 27.54 W, P3
