image,index,method,rep,n_dets,total_ms,n_windows,selected,consistent_with_rep0,global_ms,local_ms,merge_ms
0000289_00801_d_0000815.jpg,0,F640,0,26,19.89339999272488,0,[],,,,
0000289_00801_d_0000815.jpg,0,F1280,0,31,29.336200008401647,0,[],,,,
0000289_00801_d_0000815.jpg,0,DensK1,0,32,47.82310000155121,1,[3],,25.54499999678228,21.369300011429004,0.908799993339926
0000289_00801_d_0000815.jpg,0,F640,1,26,16.922100010560825,0,[],True,,,
0000289_00801_d_0000815.jpg,0,F1280,1,31,29.959200008306652,0,[],True,,,
0000289_00801_d_0000815.jpg,0,DensK1,1,32,35.052399995038286,1,[3],True,16.635499996482395,17.684699996607378,0.7322000019485131
0000289_00801_d_0000815.jpg,0,F640,2,26,24.02129999245517,0,[],True,,,
0000289_00801_d_0000815.jpg,0,F1280,2,31,29.147300010663457,0,[],True,,,
0000289_00801_d_0000815.jpg,0,DensK1,2,32,31.62059999885969,1,[3],True,16.497999997227453,14.41010000417009,0.712499997462146
