image,method,n_dets,tp,fp,ignored,small_gt,small_tp
0000289_00801_d_0000815.jpg,F640,26,18,8,0,11,2
0000289_00801_d_0000815.jpg,F1280,31,21,10,0,11,2
0000289_00801_d_0000815.jpg,DensK1,32,19,13,0,11,3
0000289_00801_d_0000815.jpg,UnifAll,51,23,28,0,11,4
0000289_00801_d_0000815.jpg,SAHI640,43,17,26,0,11,2
0000277_02001_d_0000549.jpg,F640,47,41,6,0,36,9
0000277_02001_d_0000549.jpg,F1280,62,45,17,0,36,12
0000277_02001_d_0000549.jpg,DensK1,59,42,17,0,36,10
0000277_02001_d_0000549.jpg,UnifAll,87,51,36,0,36,14
0000277_02001_d_0000549.jpg,SAHI640,78,33,45,0,36,9
0000291_00201_d_0000869.jpg,F640,46,24,19,0,89,13
0000291_00201_d_0000869.jpg,F1280,82,49,25,0,89,31
0000291_00201_d_0000869.jpg,DensK1,85,41,32,0,89,26
0000291_00201_d_0000869.jpg,UnifAll,121,52,47,0,89,33
0000291_00201_d_0000869.jpg,SAHI640,113,35,57,0,89,20
0000316_00601_d_0000522.jpg,F640,19,13,6,0,29,7
0000316_00601_d_0000522.jpg,F1280,27,20,5,0,29,16
0000316_00601_d_0000522.jpg,DensK1,34,21,12,0,29,17
0000316_00601_d_0000522.jpg,UnifAll,52,24,22,0,29,20
0000316_00601_d_0000522.jpg,SAHI640,48,7,36,0,29,5
0000295_00000_d_0000021.jpg,F640,55,41,14,0,86,29
0000295_00000_d_0000021.jpg,F1280,84,57,14,0,86,45
0000295_00000_d_0000021.jpg,DensK1,88,49,18,0,86,36
0000295_00000_d_0000021.jpg,UnifAll,116,58,32,0,86,45
0000295_00000_d_0000021.jpg,SAHI640,97,33,42,0,86,20
0000153_01201_d_0000001.jpg,F640,22,16,6,0,57,15
0000153_01201_d_0000001.jpg,F1280,43,21,19,0,57,21
0000153_01201_d_0000001.jpg,DensK1,42,21,20,0,57,20
0000153_01201_d_0000001.jpg,UnifAll,46,22,22,0,57,21
0000153_01201_d_0000001.jpg,SAHI640,43,12,29,0,57,12
0000276_02801_d_0000521.jpg,F640,19,13,6,0,31,9
0000276_02801_d_0000521.jpg,F1280,32,21,4,0,31,17
0000276_02801_d_0000521.jpg,DensK1,32,17,9,0,31,13
0000276_02801_d_0000521.jpg,UnifAll,45,23,12,0,31,19
0000276_02801_d_0000521.jpg,SAHI640,38,8,22,0,31,7
0000271_02401_d_0000385.jpg,F640,44,24,20,0,58,10
0000271_02401_d_0000385.jpg,F1280,54,31,23,0,58,14
0000271_02401_d_0000385.jpg,DensK1,65,31,33,0,58,15
0000271_02401_d_0000385.jpg,UnifAll,84,37,46,0,58,15
0000271_02401_d_0000385.jpg,SAHI640,75,30,43,0,58,12
0000244_03000_d_0000007.jpg,F640,26,17,6,0,39,12
0000244_03000_d_0000007.jpg,F1280,39,20,11,0,39,15
0000244_03000_d_0000007.jpg,DensK1,45,20,12,0,39,15
0000244_03000_d_0000007.jpg,UnifAll,47,20,12,0,39,15
0000244_03000_d_0000007.jpg,SAHI640,37,16,14,0,39,11
0000026_04978_d_0000034.jpg,F640,31,25,6,0,16,2
0000026_04978_d_0000034.jpg,F1280,36,27,9,0,16,4
0000026_04978_d_0000034.jpg,DensK1,37,28,9,0,16,5
0000026_04978_d_0000034.jpg,UnifAll,47,29,18,0,16,5
0000026_04978_d_0000034.jpg,SAHI640,43,22,21,0,16,3
0000356_04117_d_0000650.jpg,F640,43,34,8,0,69,18
0000356_04117_d_0000650.jpg,F1280,66,48,13,0,69,29
0000356_04117_d_0000650.jpg,DensK1,58,37,18,0,69,21
0000356_04117_d_0000650.jpg,UnifAll,69,41,24,0,69,23
0000356_04117_d_0000650.jpg,SAHI640,65,29,32,0,69,13
0000280_02201_d_0000623.jpg,F640,46,40,6,0,57,20
0000280_02201_d_0000623.jpg,F1280,66,52,9,0,57,33
0000280_02201_d_0000623.jpg,DensK1,59,46,13,0,57,24
0000280_02201_d_0000623.jpg,UnifAll,95,58,30,0,57,36
0000280_02201_d_0000623.jpg,SAHI640,85,29,49,0,57,15
0000295_02900_d_0000034.jpg,F640,130,100,30,0,172,67
0000295_02900_d_0000034.jpg,F1280,175,133,40,0,172,98
0000295_02900_d_0000034.jpg,DensK1,174,119,55,0,172,86
0000295_02900_d_0000034.jpg,UnifAll,233,147,84,0,172,111
0000295_02900_d_0000034.jpg,SAHI640,193,90,101,0,172,58
0000244_01000_d_0000003.jpg,F640,35,18,17,0,114,10
0000244_01000_d_0000003.jpg,F1280,65,40,25,0,114,32
0000244_01000_d_0000003.jpg,DensK1,61,32,29,0,114,24
0000244_01000_d_0000003.jpg,UnifAll,63,33,30,0,114,25
0000244_01000_d_0000003.jpg,SAHI640,59,25,34,0,114,17
0000330_00001_d_0000800.jpg,F640,51,41,10,0,55,19
0000330_00001_d_0000800.jpg,F1280,84,62,12,0,55,38
0000330_00001_d_0000800.jpg,DensK1,77,50,23,0,55,27
0000330_00001_d_0000800.jpg,UnifAll,118,62,39,0,55,40
0000330_00001_d_0000800.jpg,SAHI640,103,35,52,0,55,17
0000213_04405_d_0000244.jpg,F640,63,47,15,0,62,14
0000213_04405_d_0000244.jpg,F1280,90,60,23,0,62,23
0000213_04405_d_0000244.jpg,DensK1,101,59,32,0,62,23
0000213_04405_d_0000244.jpg,UnifAll,128,67,49,0,62,26
0000213_04405_d_0000244.jpg,SAHI640,110,44,55,0,62,13
0000356_02745_d_0000643.jpg,F640,48,31,14,0,74,16
0000356_02745_d_0000643.jpg,F1280,91,47,41,0,74,31
0000356_02745_d_0000643.jpg,DensK1,81,47,31,0,74,31
0000356_02745_d_0000643.jpg,UnifAll,115,51,57,0,74,35
0000356_02745_d_0000643.jpg,SAHI640,96,28,64,0,74,14
0000026_02000_d_0000028.jpg,F640,11,9,2,0,0,0
0000026_02000_d_0000028.jpg,F1280,12,9,3,0,0,0
0000026_02000_d_0000028.jpg,DensK1,12,9,3,0,0,0
0000026_02000_d_0000028.jpg,UnifAll,18,8,10,0,0,0
0000026_02000_d_0000028.jpg,SAHI640,17,8,9,0,0,0
0000196_04512_d_0000144.jpg,F640,26,19,7,0,62,13
0000196_04512_d_0000144.jpg,F1280,44,32,12,0,62,26
0000196_04512_d_0000144.jpg,DensK1,51,31,20,0,62,25
0000196_04512_d_0000144.jpg,UnifAll,65,39,26,0,62,33
0000196_04512_d_0000144.jpg,SAHI640,62,26,36,0,62,20
0000026_01500_d_0000027.jpg,F640,12,9,3,0,0,0
0000026_01500_d_0000027.jpg,F1280,12,9,3,0,0,0
0000026_01500_d_0000027.jpg,DensK1,14,9,5,0,0,0
0000026_01500_d_0000027.jpg,UnifAll,19,10,9,0,0,0
0000026_01500_d_0000027.jpg,SAHI640,13,8,5,0,0,0
0000026_04000_d_0000032.jpg,F640,14,13,1,0,0,0
0000026_04000_d_0000032.jpg,F1280,16,14,2,0,0,0
0000026_04000_d_0000032.jpg,DensK1,14,13,1,0,0,0
0000026_04000_d_0000032.jpg,UnifAll,20,14,6,0,0,0
0000026_04000_d_0000032.jpg,SAHI640,15,10,5,0,0,0
0000253_00001_d_0000001.jpg,F640,107,76,31,0,106,76
0000253_00001_d_0000001.jpg,F1280,110,83,27,0,106,83
0000253_00001_d_0000001.jpg,DensK1,123,81,42,0,106,81
0000253_00001_d_0000001.jpg,UnifAll,126,82,44,0,106,82
0000253_00001_d_0000001.jpg,SAHI640,121,77,44,0,106,77
0000086_01084_d_0000003.jpg,F640,74,42,32,0,132,33
0000086_01084_d_0000003.jpg,F1280,102,67,35,0,132,57
0000086_01084_d_0000003.jpg,DensK1,95,52,43,0,132,42
0000086_01084_d_0000003.jpg,UnifAll,104,55,49,0,132,44
0000086_01084_d_0000003.jpg,SAHI640,83,23,60,0,132,15
0000117_01326_d_0000088.jpg,F640,90,27,27,0,34,13
0000117_01326_d_0000088.jpg,F1280,108,33,31,0,34,16
0000117_01326_d_0000088.jpg,DensK1,144,34,47,0,34,20
0000117_01326_d_0000088.jpg,UnifAll,190,38,66,0,34,20
0000117_01326_d_0000088.jpg,SAHI640,150,29,57,0,34,12
0000335_06861_d_0000078.jpg,F640,23,21,2,0,10,8
0000335_06861_d_0000078.jpg,F1280,25,18,7,0,10,6
0000335_06861_d_0000078.jpg,DensK1,27,21,6,0,10,8
0000335_06861_d_0000078.jpg,UnifAll,36,21,15,0,10,8
0000335_06861_d_0000078.jpg,SAHI640,28,12,16,0,10,1
0000287_00801_d_0000763.jpg,F640,46,33,13,0,34,17
0000287_00801_d_0000763.jpg,F1280,59,36,23,0,34,19
0000287_00801_d_0000763.jpg,DensK1,60,39,21,0,34,22
0000287_00801_d_0000763.jpg,UnifAll,73,43,30,0,34,24
0000287_00801_d_0000763.jpg,SAHI640,62,22,40,0,34,7
0000316_01201_d_0000525.jpg,F640,31,21,10,0,25,9
0000316_01201_d_0000525.jpg,F1280,44,28,15,0,25,17
0000316_01201_d_0000525.jpg,DensK1,44,26,17,0,25,13
0000316_01201_d_0000525.jpg,UnifAll,72,30,40,0,25,17
0000316_01201_d_0000525.jpg,SAHI640,62,22,39,0,25,10
0000327_00001_d_0000711.jpg,F640,51,39,12,0,46,19
0000327_00001_d_0000711.jpg,F1280,64,46,18,0,46,28
0000327_00001_d_0000711.jpg,DensK1,63,44,19,0,46,24
0000327_00001_d_0000711.jpg,UnifAll,85,51,34,0,46,30
0000327_00001_d_0000711.jpg,SAHI640,78,27,51,0,46,13
0000315_01601_d_0000509.jpg,F640,51,34,12,0,82,22
0000315_01601_d_0000509.jpg,F1280,87,52,17,0,82,39
0000315_01601_d_0000509.jpg,DensK1,95,49,21,0,82,35
0000315_01601_d_0000509.jpg,UnifAll,115,55,35,0,82,40
0000315_01601_d_0000509.jpg,SAHI640,108,38,49,0,82,23
0000280_00801_d_0000616.jpg,F640,51,34,16,0,46,17
0000280_00801_d_0000616.jpg,F1280,67,39,25,0,46,22
0000280_00801_d_0000616.jpg,DensK1,90,45,40,0,46,27
0000280_00801_d_0000616.jpg,UnifAll,105,46,54,0,46,28
0000280_00801_d_0000616.jpg,SAHI640,94,29,59,0,46,13
0000333_03137_d_0000017.jpg,F640,29,20,9,0,23,4
0000333_03137_d_0000017.jpg,F1280,35,24,11,0,23,8
0000333_03137_d_0000017.jpg,DensK1,32,21,11,0,23,5
0000333_03137_d_0000017.jpg,UnifAll,44,22,22,0,23,6
0000333_03137_d_0000017.jpg,SAHI640,42,19,23,0,23,4
0000249_01514_d_0000005.jpg,F640,38,28,9,0,36,15
0000249_01514_d_0000005.jpg,F1280,46,40,4,0,36,26
0000249_01514_d_0000005.jpg,DensK1,52,35,16,0,36,21
0000249_01514_d_0000005.jpg,UnifAll,54,37,16,0,36,22
0000249_01514_d_0000005.jpg,SAHI640,56,31,23,0,36,16
0000001_07999_d_0000012.jpg,F640,40,27,13,0,99,16
0000001_07999_d_0000012.jpg,F1280,89,56,32,0,99,35
0000001_07999_d_0000012.jpg,DensK1,78,42,36,0,99,26
0000001_07999_d_0000012.jpg,UnifAll,129,57,70,0,99,36
0000001_07999_d_0000012.jpg,SAHI640,120,37,82,0,99,20
0000024_00000_d_0000012.jpg,F640,11,7,4,0,9,1
0000024_00000_d_0000012.jpg,F1280,13,8,5,0,9,3
0000024_00000_d_0000012.jpg,DensK1,15,8,7,0,9,2
0000024_00000_d_0000012.jpg,UnifAll,19,10,9,0,9,3
0000024_00000_d_0000012.jpg,SAHI640,17,4,13,0,9,0
0000194_00399_d_0000121.jpg,F640,85,62,23,0,137,57
0000194_00399_d_0000121.jpg,F1280,109,75,32,0,137,71
0000194_00399_d_0000121.jpg,DensK1,112,77,34,0,137,72
0000194_00399_d_0000121.jpg,UnifAll,117,80,36,0,137,75
0000194_00399_d_0000121.jpg,SAHI640,118,61,56,0,137,56
0000346_07057_d_0000382.jpg,F640,65,49,16,0,50,20
0000346_07057_d_0000382.jpg,F1280,84,62,22,0,50,34
0000346_07057_d_0000382.jpg,DensK1,87,60,27,0,50,29
0000346_07057_d_0000382.jpg,UnifAll,100,64,36,0,50,32
0000346_07057_d_0000382.jpg,SAHI640,87,45,42,0,50,24
0000360_00197_d_0000714.jpg,F640,44,35,9,0,50,13
0000360_00197_d_0000714.jpg,F1280,65,44,21,0,50,23
0000360_00197_d_0000714.jpg,DensK1,51,38,13,0,50,16
0000360_00197_d_0000714.jpg,UnifAll,80,47,33,0,50,23
0000360_00197_d_0000714.jpg,SAHI640,76,33,43,0,50,14
0000194_00998_d_0000124.jpg,F640,20,14,6,0,37,9
0000194_00998_d_0000124.jpg,F1280,31,19,12,0,37,15
0000194_00998_d_0000124.jpg,DensK1,35,21,14,0,37,16
0000194_00998_d_0000124.jpg,UnifAll,37,21,16,0,37,16
0000194_00998_d_0000124.jpg,SAHI640,30,10,20,0,37,5
0000327_03401_d_0000728.jpg,F640,41,21,17,0,56,10
0000327_03401_d_0000728.jpg,F1280,59,39,14,0,56,24
0000327_03401_d_0000728.jpg,DensK1,61,30,26,0,56,18
0000327_03401_d_0000728.jpg,UnifAll,84,38,35,0,56,23
0000327_03401_d_0000728.jpg,SAHI640,75,21,44,0,56,8
0000289_02401_d_0000823.jpg,F640,40,30,9,0,32,14
0000289_02401_d_0000823.jpg,F1280,51,36,14,0,32,20
0000289_02401_d_0000823.jpg,DensK1,59,38,20,0,32,22
0000289_02401_d_0000823.jpg,UnifAll,67,38,28,0,32,22
0000289_02401_d_0000823.jpg,SAHI640,62,21,40,0,32,9
0000277_02601_d_0000552.jpg,F640,64,43,21,0,94,21
0000277_02601_d_0000552.jpg,F1280,85,55,30,0,94,31
0000277_02601_d_0000552.jpg,DensK1,89,54,35,0,94,30
0000277_02601_d_0000552.jpg,UnifAll,128,68,60,0,94,42
0000277_02601_d_0000552.jpg,SAHI640,110,37,73,0,94,20
0000360_05293_d_0000740.jpg,F640,45,35,10,0,46,18
0000360_05293_d_0000740.jpg,F1280,57,40,17,0,46,24
0000360_05293_d_0000740.jpg,DensK1,67,45,22,0,46,27
0000360_05293_d_0000740.jpg,UnifAll,78,46,32,0,46,28
0000360_05293_d_0000740.jpg,SAHI640,63,20,43,0,46,8
0000269_00601_d_0000351.jpg,F640,67,53,14,0,72,35
0000269_00601_d_0000351.jpg,F1280,93,70,19,0,72,51
0000269_00601_d_0000351.jpg,DensK1,102,70,26,0,72,52
0000269_00601_d_0000351.jpg,UnifAll,116,77,32,0,72,58
0000269_00601_d_0000351.jpg,SAHI640,100,47,48,0,72,31
0000153_01601_d_0000001.jpg,F640,28,17,11,0,57,14
0000153_01601_d_0000001.jpg,F1280,44,30,13,0,57,27
0000153_01601_d_0000001.jpg,DensK1,43,26,16,0,57,22
0000153_01601_d_0000001.jpg,UnifAll,46,26,19,0,57,22
0000153_01601_d_0000001.jpg,SAHI640,43,8,35,0,57,6
0000153_00801_d_0000001.jpg,F640,26,17,8,0,40,10
0000153_00801_d_0000001.jpg,F1280,39,20,16,0,40,12
0000153_00801_d_0000001.jpg,DensK1,40,21,17,0,40,13
0000153_00801_d_0000001.jpg,UnifAll,43,22,19,0,40,14
0000153_00801_d_0000001.jpg,SAHI640,35,15,18,0,40,8
0000244_04000_d_0000009.jpg,F640,69,23,9,0,41,15
0000244_04000_d_0000009.jpg,F1280,93,36,15,0,41,24
0000244_04000_d_0000009.jpg,DensK1,95,27,18,0,41,19
0000244_04000_d_0000009.jpg,UnifAll,108,28,22,0,41,20
0000244_04000_d_0000009.jpg,SAHI640,95,28,23,0,41,19
0000193_01876_d_0000113.jpg,F640,51,42,9,0,97,32
0000193_01876_d_0000113.jpg,F1280,82,58,23,0,97,48
0000193_01876_d_0000113.jpg,DensK1,74,51,22,0,97,41
0000193_01876_d_0000113.jpg,UnifAll,86,53,32,0,97,43
0000193_01876_d_0000113.jpg,SAHI640,81,34,46,0,97,24
0000342_00393_d_0000244.jpg,F640,64,48,13,0,112,36
0000342_00393_d_0000244.jpg,F1280,106,79,21,0,112,63
0000342_00393_d_0000244.jpg,DensK1,97,62,28,0,112,49
0000342_00393_d_0000244.jpg,UnifAll,145,85,48,0,112,68
0000342_00393_d_0000244.jpg,SAHI640,125,50,66,0,112,38
