image,method,fp_1660,fp_5060ti,ignored_1660,ignored_5060ti,n_dets_1660,n_dets_5060ti,small_gt_1660,small_gt_5060ti,small_tp_1660,small_tp_5060ti,tp_1660,tp_5060ti
0000086_01084_d_0000003.jpg,F1280,36,35,0,0,102,102,132,132,56,57,66,67
0000153_00801_d_0000001.jpg,DensK1,18,17,0,0,41,40,40,40,13,13,21,21
0000194_00399_d_0000121.jpg,F640,24,23,0,0,86,85,137,137,57,57,62,62
0000244_04000_d_0000009.jpg,DensK1,19,18,0,0,95,95,41,41,19,19,27,27
0000244_04000_d_0000009.jpg,UnifAll,23,22,0,0,108,108,41,41,20,20,28,28
0000253_00001_d_0000001.jpg,DensK1,41,42,0,0,122,123,106,106,81,81,81,81
0000253_00001_d_0000001.jpg,F640,30,31,0,0,106,107,106,106,76,76,76,76
0000253_00001_d_0000001.jpg,UnifAll,43,44,0,0,125,126,106,106,82,82,82,82
0000269_00601_d_0000351.jpg,SAHI640,47,48,0,0,99,100,72,72,31,31,47,47
0000269_00601_d_0000351.jpg,UnifAll,31,32,0,0,115,116,72,72,58,58,77,77
0000295_00000_d_0000021.jpg,SAHI640,42,42,0,0,98,97,86,86,20,20,33,33
0000295_02900_d_0000034.jpg,SAHI640,100,101,0,0,192,193,172,172,58,58,90,90
0000295_02900_d_0000034.jpg,UnifAll,84,84,0,0,234,233,172,172,112,111,148,147
0000315_01601_d_0000509.jpg,DensK1,21,21,0,0,94,95,82,82,34,35,48,49
0000327_03401_d_0000728.jpg,SAHI640,43,44,0,0,74,75,56,56,8,8,21,21
0000346_07057_d_0000382.jpg,DensK1,28,27,0,0,88,87,50,50,29,29,60,60
0000346_07057_d_0000382.jpg,F1280,21,22,0,0,83,84,50,50,34,34,62,62
0000346_07057_d_0000382.jpg,F640,17,16,0,0,66,65,50,50,20,20,49,49
0000346_07057_d_0000382.jpg,UnifAll,37,36,0,0,101,100,50,50,32,32,64,64
0000356_02745_d_0000643.jpg,SAHI640,65,64,0,0,97,96,74,74,14,14,28,28
0000360_00197_d_0000714.jpg,UnifAll,34,33,0,0,81,80,50,50,23,23,47,47
0000360_05293_d_0000740.jpg,F640,10,10,0,0,46,45,46,46,19,18,36,35
