dataset,attr,bin,n_images,pair,delta_small_recall,ci_lo,ci_hi,delta_precision,p_ci_lo,p_ci_hi,delta_ms_1660_UAV_BT1,delta_ms_5060Ti_UAV_BT2,best_small_recall
VisDrone_testdev,valid_gt,"[1,18]",352,F1280_vs_DensK1,0.03469640644361838,0.013033028353697976,0.05697857156828375,0.059822622033757766,0.04185548380355872,0.07834384610251657,-1.2030897725542857,-13.602112215515014,UnifAll
VisDrone_testdev,valid_gt,"[1,18]",352,F1280_vs_UnifAll,-0.048327137546468335,-0.06803696165114155,-0.02842314808309329,0.2160092285933753,0.1985918053855319,0.23363719250620935,-79.7092855110267,-110.91862443175737,UnifAll
VisDrone_testdev,valid_gt,"[1,18]",352,DensK1_vs_UnifAll,-0.08302354399008671,-0.10055883478645594,-0.06682560527976512,0.15618660655961752,0.14080001625633093,0.17412202725975223,-78.50619573847243,-97.31651221624236,UnifAll
VisDrone_testdev,valid_gt,"[1,18]",352,F1280_vs_SAHI640,0.2719950433705081,0.2403573798843169,0.30414512855467174,0.3166922628819573,0.29619130388235515,0.33646547907247415,-301.72185369263553,-432.89353579517746,UnifAll
VisDrone_testdev,valid_gt,"[19,29]",296,F1280_vs_DensK1,0.021823204419889497,0.007393124285813809,0.03639015947156044,0.07509494756501445,0.06317664989064598,0.08649508509422917,-0.7150415539571569,-13.993189527084454,UnifAll
VisDrone_testdev,valid_gt,"[19,29]",296,F1280_vs_UnifAll,-0.06077348066298344,-0.07504633551663034,-0.04631445807684908,0.18751235940344624,0.17625686786645772,0.1989469218379977,-77.71210304122792,-110.62822533770216,UnifAll
VisDrone_testdev,valid_gt,"[19,29]",296,DensK1_vs_UnifAll,-0.08259668508287293,-0.09532964384080125,-0.07083502977378343,0.11241741183843179,0.10341690946950002,0.12180348117510169,-76.99706148727077,-96.63503581061772,UnifAll
VisDrone_testdev,valid_gt,"[19,29]",296,F1280_vs_SAHI640,0.18701657458563534,0.16128965221355213,0.21253071010321228,0.2990496068123093,0.28312957897108226,0.31537330906613553,-331.3282260142178,-473.24776081124486,UnifAll
VisDrone_testdev,valid_gt,"[30,43]",330,F1280_vs_DensK1,0.03653473567672294,0.024928919506747416,0.048360848682582946,0.07683462990775614,0.06606004648096041,0.08749210999381989,-0.2925006059795692,-14.14709242455887,UnifAll
VisDrone_testdev,valid_gt,"[30,43]",330,F1280_vs_UnifAll,-0.05784666482147799,-0.06789022488783886,-0.048004265659182054,0.1714706122372195,0.16166147463743377,0.1816047228735691,-80.05079333300026,-111.35788545436684,UnifAll
VisDrone_testdev,valid_gt,"[30,43]",330,DensK1_vs_UnifAll,-0.09438140049820093,-0.10472890923870708,-0.0844201136153828,0.09463598232946335,0.08575957968752415,0.10427379574085384,-79.75829272702069,-97.21079302980797,UnifAll
VisDrone_testdev,valid_gt,"[30,43]",330,F1280_vs_SAHI640,0.21104345419319126,0.1920459729530318,0.2298115943829827,0.31804202209415255,0.30328720243766477,0.33314075251611236,-347.5739503024449,-492.60093818130287,UnifAll
VisDrone_testdev,valid_gt,"[44,63]",313,F1280_vs_DensK1,0.038080089820359264,0.027153047688269583,0.04901004149168082,0.06573846420550244,0.05529097300709526,0.07578360318577396,-0.2109233229331835,-14.139303195453174,UnifAll
VisDrone_testdev,valid_gt,"[44,63]",313,F1280_vs_UnifAll,-0.05585703592814373,-0.06293955055745028,-0.048573996377051384,0.1598245863754162,0.1510511563127978,0.16874246542188542,-79.03903386637066,-110.69716773166607,UnifAll
VisDrone_testdev,valid_gt,"[44,63]",313,DensK1_vs_UnifAll,-0.09393712574850299,-0.1037398739123622,-0.08455739612580242,0.09408612216991374,0.08601807385035093,0.10333126491703837,-78.82811054343748,-96.5578645362129,UnifAll
VisDrone_testdev,valid_gt,"[44,63]",313,F1280_vs_SAHI640,0.20649326347305386,0.18883870979180487,0.22430932927664263,0.3288067693194821,0.3140244558404713,0.34314493905266336,-355.2670543134222,-499.36789424955873,UnifAll
VisDrone_testdev,valid_gt,"[64,446]",319,F1280_vs_DensK1,0.04599934024850638,0.03797620190408405,0.05389300017273508,0.06431518187855312,0.05580043806167938,0.07254388376515251,0.7823351098240536,-14.205684952850621,UnifAll
VisDrone_testdev,valid_gt,"[64,446]",319,F1280_vs_UnifAll,-0.0455961587801928,-0.052350990806795554,-0.03899646713285321,0.14138293712947347,0.1342595225430794,0.14867012320181341,-75.69293761797408,-108.05176269567936,UnifAll
VisDrone_testdev,valid_gt,"[64,446]",319,DensK1_vs_UnifAll,-0.09159549902869918,-0.09937268993374516,-0.08394332537014486,0.07706775525092036,0.07019644060163471,0.08432225382097629,-76.47527272779813,-93.84607774282873,UnifAll
VisDrone_testdev,valid_gt,"[64,446]",319,F1280_vs_SAHI640,0.15870688707253602,0.14720058150519558,0.1707863386318825,0.3131168700020078,0.2988453818304205,0.32722233141911355,-365.01456050190023,-510.4913567394024,UnifAll
VisDrone_testdev,small_gt,"[0,0]",111,F1280_vs_DensK1,,,,0.034377241660688895,0.0020665987939006343,0.06425767924595842,-1.2257684683972627,-13.743244142739336,
VisDrone_testdev,small_gt,"[0,0]",111,F1280_vs_UnifAll,,,,0.21298960915212628,0.18459812519745994,0.2425018696929056,-78.52666306273744,-110.96528468460583,
VisDrone_testdev,small_gt,"[0,0]",111,DensK1_vs_UnifAll,,,,0.17861236749143738,0.1472508271310171,0.21810506857985995,-77.30089459434018,-97.2220405418665,
VisDrone_testdev,small_gt,"[0,0]",111,F1280_vs_SAHI640,,,,0.25811970714641447,0.22556974773244376,0.2872160186030182,-284.3180783793041,-423.7235279277655,
VisDrone_testdev,small_gt,"[1,7]",312,F1280_vs_DensK1,0.03030303030303033,0.005244526415992385,0.055209782523649664,0.07136037045059518,0.057698392735008895,0.08578420911236576,-0.855924038403785,-13.653185577146736,UnifAll
VisDrone_testdev,small_gt,"[1,7]",312,F1280_vs_UnifAll,-0.06734006734006731,-0.0910596724478742,-0.04314611412567829,0.19362691608715454,0.18036138389735273,0.20665849677787876,-81.86310064052239,-113.97432115345742,UnifAll
VisDrone_testdev,small_gt,"[1,7]",312,DensK1_vs_UnifAll,-0.09764309764309764,-0.11810346502156847,-0.07792207792207792,0.12226654563655937,0.11309672734502305,0.131574890987167,-81.00717660211862,-100.32113557631068,UnifAll
VisDrone_testdev,small_gt,"[1,7]",312,F1280_vs_SAHI640,0.21801346801346802,0.18316801324449697,0.25334476218266705,0.2922070589371218,0.2764482548054623,0.30848175666278926,-302.30772307624693,-434.4378173072283,UnifAll
VisDrone_testdev,small_gt,"[8,17]",308,F1280_vs_DensK1,0.03695881731784584,0.022389378502411742,0.05165568019933928,0.0833217598367948,0.07208368923688084,0.09442014410764779,-0.3101483765836903,-13.950737987298371,UnifAll
VisDrone_testdev,small_gt,"[8,17]",308,F1280_vs_UnifAll,-0.047782470960929246,-0.060936924238144605,-0.034358903750327824,0.18996172248154686,0.17876094654700866,0.20103115983141984,-80.17899837715674,-112.04187435082117,UnifAll
VisDrone_testdev,small_gt,"[8,17]",308,DensK1_vs_UnifAll,-0.08474128827877508,-0.09767094308886881,-0.07242963653643995,0.10663996264475206,0.09654936431471432,0.11664286848187556,-79.86885000057306,-98.09113636352279,UnifAll
VisDrone_testdev,small_gt,"[8,17]",308,F1280_vs_SAHI640,0.2122492080253432,0.1900797364365385,0.23515536612987123,0.30168700727415826,0.2850861743992591,0.3177664544654875,-340.0541811691244,-483.0946331170377,UnifAll
VisDrone_testdev,small_gt,"[18,30]",301,F1280_vs_DensK1,0.026540019555803873,0.014914918759088423,0.03854718283689421,0.06522054766098517,0.05280076487563942,0.07704701492252364,-0.7090554809050005,-14.040237541673658,UnifAll
VisDrone_testdev,small_gt,"[18,30]",301,F1280_vs_UnifAll,-0.06579131163570329,-0.07564822576683289,-0.056119535650795686,0.16905554811683465,0.15940098232521177,0.1786193161613725,-78.90034651201398,-110.22862956823977,UnifAll
VisDrone_testdev,small_gt,"[18,30]",301,DensK1_vs_UnifAll,-0.09233133119150716,-0.10306005692337504,-0.0817899670430951,0.10383500045584948,0.0928929555919234,0.1159854657337744,-78.19129103110899,-96.1883920265661,UnifAll
VisDrone_testdev,small_gt,"[18,30]",301,F1280_vs_SAHI640,0.1987707780416259,0.17982700892857142,0.21749964560768076,0.3278497950654986,0.313589120194347,0.3422002121795643,-358.4122581387993,-498.21603455217405,UnifAll
VisDrone_testdev,small_gt,"[31,47]",281,F1280_vs_DensK1,0.04271123491179202,0.03179288162963841,0.053993652454399105,0.07696677668793395,0.06736461168115954,0.08673463483246262,-0.4209822075987546,-14.142929181726682,UnifAll
VisDrone_testdev,small_gt,"[31,47]",281,F1280_vs_UnifAll,-0.053574744661095575,-0.061462623595143234,-0.045864404835784016,0.16268734750784242,0.153194350370351,0.17176127680884487,-79.3122758015243,-110.28062135226209,UnifAll
VisDrone_testdev,small_gt,"[31,47]",281,DensK1_vs_UnifAll,-0.09628597957288759,-0.10551881698231323,-0.08734701328686525,0.08572057081990847,0.07842199646400318,0.09290026562404348,-78.89129359392552,-96.1376921705354,UnifAll
VisDrone_testdev,small_gt,"[31,47]",281,F1280_vs_SAHI640,0.21819870009285053,0.20111816566921964,0.23570621131149733,0.34015846076569395,0.324420035873765,0.35618206038602107,-362.5389665489092,-507.6472843406611,UnifAll
VisDrone_testdev,small_gt,"[48,436]",297,F1280_vs_DensK1,0.04486667151057183,0.037025239811549024,0.05257119293432536,0.06083652149128904,0.05155500211865143,0.07014649656831803,0.9502922563017151,-14.38817373740131,UnifAll
VisDrone_testdev,small_gt,"[48,436]",297,F1280_vs_UnifAll,-0.045338952263314636,-0.051862828901356794,-0.03863572564592928,0.13496753920800397,0.1274135087902892,0.1425806352430833,-71.96580875409776,-104.71526700290906,UnifAll
VisDrone_testdev,small_gt,"[48,436]",297,DensK1_vs_UnifAll,-0.09020562377388647,-0.0980144429832689,-0.08267087853654419,0.07413101771671493,0.06670719216793229,0.08203608315748197,-72.91610101039947,-90.32709326550776,UnifAll
VisDrone_testdev,small_gt,"[48,436]",297,F1280_vs_SAHI640,0.1577417714161157,0.1456684230822522,0.16999700054620404,0.3163250456371988,0.3006697602972487,0.3318185773243777,-357.728418855307,-505.6703508418423,UnifAll
UAVDT,valid_gt,"[0,0]",326,F1280_vs_DensK1,,,,0.0,0.0,0.0,-1.8015570552406253,,
UAVDT,valid_gt,"[0,0]",326,F1280_vs_UnifAll,,,,0.0,0.0,0.0,-13.087063803696246,,
UAVDT,valid_gt,"[0,0]",326,DensK1_vs_UnifAll,,,,0.0,0.0,0.0,-11.28550674845562,,
UAVDT,valid_gt,"[0,0]",326,F1280_vs_SAHI640,,,,0.0,0.0,0.0,-143.4979800613604,,
UAVDT,valid_gt,"[1,9]",9522,F1280_vs_DensK1,-0.0009488266177494209,-0.026955929247485317,0.027116089325178516,0.013830729922836321,0.007482091308561906,0.025479355267973982,-0.8049663410908501,,UnifAll
UAVDT,valid_gt,"[1,9]",9522,F1280_vs_UnifAll,-0.014833322790815395,-0.03932739811033218,0.006218082026711906,0.025288775491031062,0.015153552884152197,0.04509044693905965,-14.374459850866934,,UnifAll
UAVDT,valid_gt,"[1,9]",9522,DensK1_vs_UnifAll,-0.013884496173065974,-0.032846577195188124,-0.00324275449082037,0.011458045568194741,0.005483018594265364,0.021392913591427386,-13.569493509776084,,UnifAll
UAVDT,valid_gt,"[1,9]",9522,F1280_vs_SAHI640,0.016636093364539195,-0.0792500967801909,0.10147070446716294,0.008580112654082234,-0.009486081759996138,0.035174424839802494,-115.91453613736721,,UnifAll
UAVDT,valid_gt,"[10,13]",8062,F1280_vs_DensK1,0.01826305063489575,0.0013635071330257431,0.04023217094263291,0.023730489149750345,0.012074649629998756,0.04309235775168735,0.038821198219068265,,F1280
UAVDT,valid_gt,"[10,13]",8062,F1280_vs_UnifAll,0.005369180122276163,-0.007035744997140776,0.01952942969685517,0.03546361876941562,0.024479266226742055,0.05688167588368379,-13.72551433887078,,F1280
UAVDT,valid_gt,"[10,13]",8062,DensK1_vs_UnifAll,-0.012893870512619587,-0.023011820430746507,-0.006216617708015136,0.011733129619665272,0.005518519692711681,0.020037695485589598,-13.764335537089849,,F1280
UAVDT,valid_gt,"[10,13]",8062,F1280_vs_SAHI640,0.0682708888540523,0.003028530228681163,0.12986305293544184,0.018460815891095744,0.003129096632328352,0.047249710021335885,-129.17181394194677,,F1280
UAVDT,valid_gt,"[14,18]",7216,F1280_vs_DensK1,0.018131525240769886,0.009647199140814071,0.0279811116164667,0.022764258118087077,0.011712407305772768,0.032983910076057645,0.6689928491881929,,F1280
UAVDT,valid_gt,"[14,18]",7216,F1280_vs_UnifAll,0.013324562735077428,0.005408968284011893,0.02176960940664382,0.040427628778273605,0.03402546763887541,0.049984961560925904,-13.497526496717605,,F1280
UAVDT,valid_gt,"[14,18]",7216,DensK1_vs_UnifAll,-0.004806962505692458,-0.008693585614492995,-0.002052800852150712,0.017663370660186528,0.01099457110113671,0.027089433201560174,-14.166519345905797,,F1280
UAVDT,valid_gt,"[14,18]",7216,F1280_vs_SAHI640,0.05960633507058655,0.02600975978559029,0.09951637108929513,0.02005032009763208,0.0098530707347182,0.03711259692678619,-133.15925358927714,,F1280
UAVDT,valid_gt,"[19,27]",8013,F1280_vs_DensK1,0.025787852977789405,0.009206858053930648,0.04802237270434976,0.03338819989674485,0.020172848827865887,0.05008305484446789,0.39359423439257313,,F1280
UAVDT,valid_gt,"[19,27]",8013,F1280_vs_UnifAll,0.015711197012382883,0.005674750887763982,0.029546907379128233,0.05216219740379319,0.0396195512361695,0.06948642640550821,-14.23950705103288,,F1280
UAVDT,valid_gt,"[19,27]",8013,DensK1_vs_UnifAll,-0.010076655965406522,-0.01973659584914317,-0.0027190883298094308,0.018773997507048334,0.013124430819655735,0.024932141192620202,-14.633101285425454,,F1280
UAVDT,valid_gt,"[19,27]",8013,F1280_vs_SAHI640,0.08419052610889077,0.03693009516371324,0.1453046269122439,0.045248658851391954,0.023308256166091317,0.07481899358293138,-131.92589100210267,,F1280
UAVDT,valid_gt,"[28,107]",7596,F1280_vs_DensK1,0.03179527370494939,0.003245284001734713,0.05105416830479816,0.018767484651810995,-0.0024952474745198595,0.03434318519146232,0.5924445892470231,,F1280
UAVDT,valid_gt,"[28,107]",7596,F1280_vs_UnifAll,0.012307379710965183,-0.004985883733706865,0.02299999766221926,0.03609381093763203,0.015278783565601426,0.05862089524969011,-14.599268707217199,,F1280
UAVDT,valid_gt,"[28,107]",7596,DensK1_vs_UnifAll,-0.019487893993984207,-0.03060439983861904,-0.006114825206053522,0.017326326285821037,0.009327328948041664,0.03125076813723252,-15.191713296464222,,F1280
UAVDT,valid_gt,"[28,107]",7596,F1280_vs_SAHI640,0.008733450166360068,-0.023948119379119004,0.065147409386857,0.0064301689259118056,-0.029098130178231464,0.04576875730653225,-147.84653388625998,,F1280
UAVDT,small_gt,"[0,0]",4649,F1280_vs_DensK1,,,,0.0374042967422642,0.012276697065427222,0.0713594201038317,-1.5727836739076615,,
UAVDT,small_gt,"[0,0]",4649,F1280_vs_UnifAll,,,,0.06306397460380325,0.025270746970790174,0.10735493661811306,-15.256105291472188,,
UAVDT,small_gt,"[0,0]",4649,DensK1_vs_UnifAll,,,,0.025659677861539054,0.01205182157702118,0.039295591426007685,-13.683321617564527,,
UAVDT,small_gt,"[0,0]",4649,F1280_vs_SAHI640,,,,0.03803758672868901,0.009814124979614638,0.08613171791791979,-93.53308345879375,,
UAVDT,small_gt,"[1,4]",9092,F1280_vs_DensK1,0.02301367414424882,-0.0003879446275592071,0.04741065679472306,0.02786012844269703,0.016789491877683967,0.04445172880449054,0.3203648042412439,,F1280
UAVDT,small_gt,"[1,4]",9092,F1280_vs_UnifAll,0.0009831084100455634,-0.015581046126295548,0.014753474233476048,0.04305421239386248,0.031477378016757554,0.06349682231317252,-13.244236174657466,,F1280
UAVDT,small_gt,"[1,4]",9092,DensK1_vs_UnifAll,-0.022030565734203256,-0.04196419898894015,-0.0056135034994334795,0.015194083951165449,0.009346950799974111,0.023511885276946004,-13.56460097889871,,F1280
UAVDT,small_gt,"[1,4]",9092,F1280_vs_SAHI640,0.07784431137724546,0.03323352074773146,0.12136742335869806,0.030817466341290067,0.0151877962309333,0.05106666323926998,-125.30922795863864,,F1280
UAVDT,small_gt,"[5,7]",6918,F1280_vs_DensK1,0.01686372415092563,-5.264224948831992e-05,0.03934971760314056,0.02417896416357168,0.015610081779125637,0.036692155619779655,-0.06401154955779731,,F1280
UAVDT,small_gt,"[5,7]",6918,F1280_vs_UnifAll,0.006217909463469784,-0.005361209516302362,0.018820195545273366,0.04281667185760213,0.03142669584427646,0.057385208390630806,-13.658726438264964,,F1280
UAVDT,small_gt,"[5,7]",6918,DensK1_vs_UnifAll,-0.010645814687455846,-0.02287108365430815,-0.00273714916985136,0.018637707694030448,0.011192845698000215,0.025803098553341654,-13.594714888707166,,F1280
UAVDT,small_gt,"[5,7]",6918,F1280_vs_SAHI640,0.06816147722455135,-0.0109128564393792,0.1448897803068839,0.02998157523272288,0.005397495035924311,0.06426187583238119,-131.16578607978383,,F1280
UAVDT,small_gt,"[8,11]",6807,F1280_vs_DensK1,0.011536592629747489,-0.0022530397912794223,0.024624487251262324,0.020862678933794898,0.010385234347207733,0.03850420474622183,-0.016810239478310507,,F1280
UAVDT,small_gt,"[8,11]",6807,F1280_vs_UnifAll,0.001818267316644917,-0.01040349208692674,0.012646531205802924,0.034616955167378505,0.02418225928128537,0.05508078416799147,-14.437126619667545,,F1280
UAVDT,small_gt,"[8,11]",6807,DensK1_vs_UnifAll,-0.009718325313102572,-0.015616230705814277,-0.0048178327917545215,0.013754276233583607,0.006133943152601303,0.0237270556129473,-14.420316380189234,,F1280
UAVDT,small_gt,"[8,11]",6807,F1280_vs_SAHI640,0.07343605498691164,0.012351994101471064,0.13684531042042958,0.022427869064698402,0.00464401115016581,0.060787438346637454,-135.39913635964092,,F1280
UAVDT,small_gt,"[12,18]",6236,F1280_vs_DensK1,0.017067188695378266,0.0075411562977843434,0.029690982820497674,0.02740949481590793,0.01113186213227408,0.04358065483153946,0.5961665169781085,,F1280
UAVDT,small_gt,"[12,18]",6236,F1280_vs_UnifAll,0.011126861977408753,0.003200242774403088,0.020532766576527462,0.043426360485061266,0.03224014259921991,0.060236549215395244,-14.13613842208241,,F1280
UAVDT,small_gt,"[12,18]",6236,DensK1_vs_UnifAll,-0.005940326717969513,-0.010305695039384265,-0.0028270306649200065,0.016016865669153335,0.009123457616906923,0.025747149071175483,-14.73230493906052,,F1280
UAVDT,small_gt,"[12,18]",6236,F1280_vs_SAHI640,0.05179784888168848,0.016480743544059213,0.09165018119341115,0.022056531749375052,0.0077199064432200565,0.045001139060419255,-140.8938931526826,,F1280
UAVDT,small_gt,"[19,107]",7033,F1280_vs_DensK1,0.03337868743305439,0.005737637118316791,0.052635852474336095,0.01969237016814568,0.00038757700470685487,0.03337661469295228,0.8219807763322109,,F1280
UAVDT,small_gt,"[19,107]",7033,F1280_vs_UnifAll,0.013732883652259442,-0.0031139822401340155,0.024661166230617686,0.03402003576501278,0.014286549011531634,0.053732068020948924,-14.493199772509755,,F1280
UAVDT,small_gt,"[19,107]",7033,DensK1_vs_UnifAll,-0.019645803780794946,-0.030969518289494766,-0.00636715017243193,0.0143276655968671,0.006572110809365677,0.02651359879307918,-15.315180548841965,,F1280
UAVDT,small_gt,"[19,107]",7033,F1280_vs_SAHI640,0.008869380192803145,-0.02350968529111546,0.06331216176855785,0.003397931964634504,-0.03192549742128788,0.03895501058032115,-149.45476694156906,,F1280
