image,index,method,n_dets,total_ms,tp,fp,ignored,valid_gt,small_gt,small_tp,recall_small,precision
0000006_00159_d_0000001.jpg,0,F640,48,19.265499999164604,37,10,0,69,36,10,0.2777777777777778,0.7872340425531915
0000006_00159_d_0000001.jpg,0,F1280,72,51.507799988030456,44,25,0,69,36,17,0.4722222222222222,0.6376811594202898
0000006_00159_d_0000001.jpg,0,DensK1,80,49.17030000069644,47,27,0,69,36,20,0.5555555555555556,0.6351351351351351
0000006_00159_d_0000001.jpg,0,UnifAll,100,153.26310000091325,48,45,0,69,36,22,0.6111111111111112,0.5161290322580645
0000006_00159_d_0000001.jpg,0,SAHI640,88,699.3294999992941,35,47,0,69,36,13,0.3611111111111111,0.4268292682926829
0000006_00611_d_0000002.jpg,1,F640,50,21.972100003040396,38,12,0,72,44,14,0.3181818181818182,0.76
0000006_00611_d_0000002.jpg,1,F1280,69,28.180599998449907,53,16,0,72,44,28,0.6363636363636364,0.7681159420289855
0000006_00611_d_0000002.jpg,1,DensK1,76,38.361700004315935,59,17,0,72,44,34,0.7727272727272727,0.7763157894736842
0000006_00611_d_0000002.jpg,1,UnifAll,93,132.8114999923855,60,33,0,72,44,35,0.7954545454545454,0.6451612903225806
0000006_00611_d_0000002.jpg,1,SAHI640,83,483.5689000028651,45,38,0,72,44,20,0.45454545454545453,0.5421686746987951
0000006_01111_d_0000003.jpg,2,F640,26,18.386299998383038,17,6,0,17,2,2,1.0,0.7391304347826086
0000006_01111_d_0000003.jpg,2,F1280,21,25.714300005347468,17,4,0,17,2,2,1.0,0.8095238095238095
0000006_01111_d_0000003.jpg,2,DensK1,26,37.46799999498762,17,6,0,17,2,2,1.0,0.7391304347826086
0000006_01111_d_0000003.jpg,2,UnifAll,36,147.5957000075141,17,16,0,17,2,2,1.0,0.5151515151515151
0000006_01111_d_0000003.jpg,2,SAHI640,26,382.88200000533834,13,11,0,17,2,0,0.0,0.5416666666666666
