image,method,tp,fp,ignored,small_gt,small_tp,precision,recall_small
0000289_00801_d_0000815.jpg,F640,18,8,0,11,2,0.6923076923076923,0.18181818181818182
0000289_00801_d_0000815.jpg,F1280,21,10,0,11,2,0.6774193548387096,0.18181818181818182
0000289_00801_d_0000815.jpg,DensK1,19,13,0,11,3,0.59375,0.2727272727272727
0000289_00801_d_0000815.jpg,UnifAll,23,28,0,11,4,0.45098039215686275,0.36363636363636365
0000289_00801_d_0000815.jpg,SAHI640,17,26,0,11,2,0.3953488372093023,0.18181818181818182
0000277_02001_d_0000549.jpg,F640,41,6,0,36,9,0.8723404255319149,0.25
0000277_02001_d_0000549.jpg,F1280,45,17,0,36,12,0.7258064516129032,0.3333333333333333
0000277_02001_d_0000549.jpg,DensK1,42,17,0,36,10,0.711864406779661,0.2777777777777778
0000277_02001_d_0000549.jpg,UnifAll,51,36,0,36,14,0.5862068965517241,0.3888888888888889
0000277_02001_d_0000549.jpg,SAHI640,33,45,0,36,9,0.4230769230769231,0.25
0000291_00201_d_0000869.jpg,F640,24,19,0,89,13,0.5581395348837209,0.14606741573033707
0000291_00201_d_0000869.jpg,F1280,49,25,0,89,31,0.6621621621621622,0.34831460674157305
0000291_00201_d_0000869.jpg,DensK1,41,32,0,89,26,0.5616438356164384,0.29213483146067415
0000291_00201_d_0000869.jpg,UnifAll,52,47,0,89,33,0.5252525252525253,0.3707865168539326
0000291_00201_d_0000869.jpg,SAHI640,35,57,0,89,20,0.3804347826086957,0.2247191011235955
0000316_00601_d_0000522.jpg,F640,13,6,0,29,7,0.6842105263157895,0.2413793103448276
0000316_00601_d_0000522.jpg,F1280,20,5,0,29,16,0.8,0.5517241379310345
0000316_00601_d_0000522.jpg,DensK1,21,12,0,29,17,0.6363636363636364,0.5862068965517241
0000316_00601_d_0000522.jpg,UnifAll,24,22,0,29,20,0.5217391304347826,0.6896551724137931
0000316_00601_d_0000522.jpg,SAHI640,7,36,0,29,5,0.16279069767441862,0.1724137931034483
0000295_00000_d_0000021.jpg,F640,41,14,0,86,29,0.7454545454545455,0.3372093023255814
0000295_00000_d_0000021.jpg,F1280,57,14,0,86,45,0.8028169014084507,0.5232558139534884
0000295_00000_d_0000021.jpg,DensK1,49,18,0,86,36,0.7313432835820896,0.4186046511627907
0000295_00000_d_0000021.jpg,UnifAll,58,32,0,86,45,0.6444444444444445,0.5232558139534884
0000295_00000_d_0000021.jpg,SAHI640,33,42,0,86,20,0.44,0.23255813953488372
0000153_01201_d_0000001.jpg,F640,16,6,0,57,15,0.7272727272727273,0.2631578947368421
0000153_01201_d_0000001.jpg,F1280,21,19,0,57,21,0.525,0.3684210526315789
0000153_01201_d_0000001.jpg,DensK1,21,20,0,57,20,0.5121951219512195,0.3508771929824561
0000153_01201_d_0000001.jpg,UnifAll,22,22,0,57,21,0.5,0.3684210526315789
0000153_01201_d_0000001.jpg,SAHI640,12,29,0,57,12,0.2926829268292683,0.21052631578947367
0000276_02801_d_0000521.jpg,F640,13,6,0,31,9,0.6842105263157895,0.2903225806451613
0000276_02801_d_0000521.jpg,F1280,21,4,0,31,17,0.84,0.5483870967741935
0000276_02801_d_0000521.jpg,DensK1,17,9,0,31,13,0.6538461538461539,0.41935483870967744
0000276_02801_d_0000521.jpg,UnifAll,23,12,0,31,19,0.6571428571428571,0.6129032258064516
0000276_02801_d_0000521.jpg,SAHI640,8,22,0,31,7,0.26666666666666666,0.22580645161290322
0000271_02401_d_0000385.jpg,F640,24,20,0,58,10,0.5454545454545454,0.1724137931034483
0000271_02401_d_0000385.jpg,F1280,31,23,0,58,14,0.5740740740740741,0.2413793103448276
0000271_02401_d_0000385.jpg,DensK1,31,33,0,58,15,0.484375,0.25862068965517243
0000271_02401_d_0000385.jpg,UnifAll,37,46,0,58,15,0.4457831325301205,0.25862068965517243
0000271_02401_d_0000385.jpg,SAHI640,30,43,0,58,12,0.410958904109589,0.20689655172413793
0000244_03000_d_0000007.jpg,F640,17,6,0,39,12,0.7391304347826086,0.3076923076923077
0000244_03000_d_0000007.jpg,F1280,20,11,0,39,15,0.6451612903225806,0.38461538461538464
0000244_03000_d_0000007.jpg,DensK1,20,12,0,39,15,0.625,0.38461538461538464
0000244_03000_d_0000007.jpg,UnifAll,20,12,0,39,15,0.625,0.38461538461538464
0000244_03000_d_0000007.jpg,SAHI640,16,14,0,39,11,0.5333333333333333,0.28205128205128205
0000026_04978_d_0000034.jpg,F640,25,6,0,16,2,0.8064516129032258,0.125
0000026_04978_d_0000034.jpg,F1280,27,9,0,16,4,0.75,0.25
0000026_04978_d_0000034.jpg,DensK1,28,9,0,16,5,0.7567567567567568,0.3125
0000026_04978_d_0000034.jpg,UnifAll,29,18,0,16,5,0.6170212765957447,0.3125
0000026_04978_d_0000034.jpg,SAHI640,22,21,0,16,3,0.5116279069767442,0.1875
0000356_04117_d_0000650.jpg,F640,34,8,0,69,18,0.8095238095238095,0.2608695652173913
0000356_04117_d_0000650.jpg,F1280,48,13,0,69,29,0.7868852459016393,0.42028985507246375
0000356_04117_d_0000650.jpg,DensK1,37,18,0,69,21,0.6727272727272727,0.30434782608695654
0000356_04117_d_0000650.jpg,UnifAll,41,24,0,69,23,0.6307692307692307,0.3333333333333333
0000356_04117_d_0000650.jpg,SAHI640,29,32,0,69,13,0.47540983606557374,0.18840579710144928
0000280_02201_d_0000623.jpg,F640,40,6,0,57,20,0.8695652173913043,0.3508771929824561
0000280_02201_d_0000623.jpg,F1280,52,9,0,57,33,0.8524590163934426,0.5789473684210527
0000280_02201_d_0000623.jpg,DensK1,46,13,0,57,24,0.7796610169491526,0.42105263157894735
0000280_02201_d_0000623.jpg,UnifAll,58,30,0,57,36,0.6590909090909091,0.631578947368421
0000280_02201_d_0000623.jpg,SAHI640,29,49,0,57,15,0.3717948717948718,0.2631578947368421
0000295_02900_d_0000034.jpg,F640,100,30,0,172,67,0.7692307692307693,0.38953488372093026
0000295_02900_d_0000034.jpg,F1280,133,40,0,172,98,0.7687861271676301,0.5697674418604651
0000295_02900_d_0000034.jpg,DensK1,119,55,0,172,86,0.6839080459770115,0.5
0000295_02900_d_0000034.jpg,UnifAll,148,84,0,172,112,0.6379310344827587,0.6511627906976745
0000295_02900_d_0000034.jpg,SAHI640,90,100,0,172,58,0.47368421052631576,0.3372093023255814
0000244_01000_d_0000003.jpg,F640,18,17,0,114,10,0.5142857142857142,0.08771929824561403
0000244_01000_d_0000003.jpg,F1280,40,25,0,114,32,0.6153846153846154,0.2807017543859649
0000244_01000_d_0000003.jpg,DensK1,32,29,0,114,24,0.5245901639344263,0.21052631578947367
0000244_01000_d_0000003.jpg,UnifAll,33,30,0,114,25,0.5238095238095238,0.21929824561403508
0000244_01000_d_0000003.jpg,SAHI640,25,34,0,114,17,0.423728813559322,0.14912280701754385
0000330_00001_d_0000800.jpg,F640,41,10,0,55,19,0.803921568627451,0.34545454545454546
0000330_00001_d_0000800.jpg,F1280,62,12,0,55,38,0.8378378378378378,0.6909090909090909
0000330_00001_d_0000800.jpg,DensK1,50,23,0,55,27,0.684931506849315,0.4909090909090909
0000330_00001_d_0000800.jpg,UnifAll,62,39,0,55,40,0.6138613861386139,0.7272727272727273
0000330_00001_d_0000800.jpg,SAHI640,35,52,0,55,17,0.40229885057471265,0.3090909090909091
0000213_04405_d_0000244.jpg,F640,47,15,0,62,14,0.7580645161290323,0.22580645161290322
0000213_04405_d_0000244.jpg,F1280,60,23,0,62,23,0.7228915662650602,0.3709677419354839
0000213_04405_d_0000244.jpg,DensK1,59,32,0,62,23,0.6483516483516484,0.3709677419354839
0000213_04405_d_0000244.jpg,UnifAll,67,49,0,62,26,0.5775862068965517,0.41935483870967744
0000213_04405_d_0000244.jpg,SAHI640,44,55,0,62,13,0.4444444444444444,0.20967741935483872
0000356_02745_d_0000643.jpg,F640,31,14,0,74,16,0.6888888888888889,0.21621621621621623
0000356_02745_d_0000643.jpg,F1280,47,41,0,74,31,0.5340909090909091,0.4189189189189189
0000356_02745_d_0000643.jpg,DensK1,47,31,0,74,31,0.6025641025641025,0.4189189189189189
0000356_02745_d_0000643.jpg,UnifAll,51,57,0,74,35,0.4722222222222222,0.47297297297297297
0000356_02745_d_0000643.jpg,SAHI640,28,65,0,74,14,0.3010752688172043,0.1891891891891892
0000026_02000_d_0000028.jpg,F640,9,2,0,0,0,0.8181818181818182,0.0
0000026_02000_d_0000028.jpg,F1280,9,3,0,0,0,0.75,0.0
0000026_02000_d_0000028.jpg,DensK1,9,3,0,0,0,0.75,0.0
0000026_02000_d_0000028.jpg,UnifAll,8,10,0,0,0,0.4444444444444444,0.0
0000026_02000_d_0000028.jpg,SAHI640,8,9,0,0,0,0.47058823529411764,0.0
0000196_04512_d_0000144.jpg,F640,19,7,0,62,13,0.7307692307692307,0.20967741935483872
0000196_04512_d_0000144.jpg,F1280,32,12,0,62,26,0.7272727272727273,0.41935483870967744
0000196_04512_d_0000144.jpg,DensK1,31,20,0,62,25,0.6078431372549019,0.4032258064516129
0000196_04512_d_0000144.jpg,UnifAll,39,26,0,62,33,0.6,0.532258064516129
0000196_04512_d_0000144.jpg,SAHI640,26,36,0,62,20,0.41935483870967744,0.3225806451612903
0000026_01500_d_0000027.jpg,F640,9,3,0,0,0,0.75,0.0
0000026_01500_d_0000027.jpg,F1280,9,3,0,0,0,0.75,0.0
0000026_01500_d_0000027.jpg,DensK1,9,5,0,0,0,0.6428571428571429,0.0
0000026_01500_d_0000027.jpg,UnifAll,10,9,0,0,0,0.5263157894736842,0.0
0000026_01500_d_0000027.jpg,SAHI640,8,5,0,0,0,0.6153846153846154,0.0
0000026_04000_d_0000032.jpg,F640,13,1,0,0,0,0.9285714285714286,0.0
0000026_04000_d_0000032.jpg,F1280,14,2,0,0,0,0.875,0.0
0000026_04000_d_0000032.jpg,DensK1,13,1,0,0,0,0.9285714285714286,0.0
0000026_04000_d_0000032.jpg,UnifAll,14,6,0,0,0,0.7,0.0
0000026_04000_d_0000032.jpg,SAHI640,10,5,0,0,0,0.6666666666666666,0.0
0000253_00001_d_0000001.jpg,F640,76,30,0,106,76,0.7169811320754716,0.7169811320754716
0000253_00001_d_0000001.jpg,F1280,83,27,0,106,83,0.7545454545454545,0.7830188679245284
0000253_00001_d_0000001.jpg,DensK1,81,41,0,106,81,0.6639344262295082,0.7641509433962265
0000253_00001_d_0000001.jpg,UnifAll,82,43,0,106,82,0.656,0.7735849056603774
0000253_00001_d_0000001.jpg,SAHI640,77,44,0,106,77,0.6363636363636364,0.7264150943396226
0000086_01084_d_0000003.jpg,F640,42,32,0,132,33,0.5675675675675675,0.25
0000086_01084_d_0000003.jpg,F1280,66,36,0,132,56,0.6470588235294118,0.42424242424242425
0000086_01084_d_0000003.jpg,DensK1,52,43,0,132,42,0.5473684210526316,0.3181818181818182
0000086_01084_d_0000003.jpg,UnifAll,55,49,0,132,44,0.5288461538461539,0.3333333333333333
0000086_01084_d_0000003.jpg,SAHI640,23,60,0,132,15,0.27710843373493976,0.11363636363636363
0000117_01326_d_0000088.jpg,F640,27,27,0,34,13,0.5,0.38235294117647056
0000117_01326_d_0000088.jpg,F1280,33,31,0,34,16,0.515625,0.47058823529411764
0000117_01326_d_0000088.jpg,DensK1,34,47,0,34,20,0.41975308641975306,0.5882352941176471
0000117_01326_d_0000088.jpg,UnifAll,38,66,0,34,20,0.36538461538461536,0.5882352941176471
0000117_01326_d_0000088.jpg,SAHI640,29,57,0,34,12,0.3372093023255814,0.35294117647058826
0000335_06861_d_0000078.jpg,F640,21,2,0,10,8,0.9130434782608695,0.8
0000335_06861_d_0000078.jpg,F1280,18,7,0,10,6,0.72,0.6
0000335_06861_d_0000078.jpg,DensK1,21,6,0,10,8,0.7777777777777778,0.8
0000335_06861_d_0000078.jpg,UnifAll,21,15,0,10,8,0.5833333333333334,0.8
0000335_06861_d_0000078.jpg,SAHI640,12,16,0,10,1,0.42857142857142855,0.1
0000287_00801_d_0000763.jpg,F640,33,13,0,34,17,0.717391304347826,0.5
0000287_00801_d_0000763.jpg,F1280,36,23,0,34,19,0.6101694915254238,0.5588235294117647
0000287_00801_d_0000763.jpg,DensK1,39,21,0,34,22,0.65,0.6470588235294118
0000287_00801_d_0000763.jpg,UnifAll,43,30,0,34,24,0.589041095890411,0.7058823529411765
0000287_00801_d_0000763.jpg,SAHI640,22,40,0,34,7,0.3548387096774194,0.20588235294117646
0000316_01201_d_0000525.jpg,F640,21,10,0,25,9,0.6774193548387096,0.36
0000316_01201_d_0000525.jpg,F1280,28,15,0,25,17,0.6511627906976745,0.68
0000316_01201_d_0000525.jpg,DensK1,26,17,0,25,13,0.6046511627906976,0.52
0000316_01201_d_0000525.jpg,UnifAll,30,40,0,25,17,0.42857142857142855,0.68
0000316_01201_d_0000525.jpg,SAHI640,22,39,0,25,10,0.36065573770491804,0.4
0000327_00001_d_0000711.jpg,F640,39,12,0,46,19,0.7647058823529411,0.41304347826086957
0000327_00001_d_0000711.jpg,F1280,46,18,0,46,28,0.71875,0.6086956521739131
0000327_00001_d_0000711.jpg,DensK1,44,19,0,46,24,0.6984126984126984,0.5217391304347826
0000327_00001_d_0000711.jpg,UnifAll,51,34,0,46,30,0.6,0.6521739130434783
0000327_00001_d_0000711.jpg,SAHI640,27,51,0,46,13,0.34615384615384615,0.2826086956521739
0000315_01601_d_0000509.jpg,F640,34,12,0,82,22,0.7391304347826086,0.2682926829268293
0000315_01601_d_0000509.jpg,F1280,52,17,0,82,39,0.7536231884057971,0.47560975609756095
0000315_01601_d_0000509.jpg,DensK1,48,21,0,82,34,0.6956521739130435,0.4146341463414634
0000315_01601_d_0000509.jpg,UnifAll,55,35,0,82,40,0.6111111111111112,0.4878048780487805
0000315_01601_d_0000509.jpg,SAHI640,38,49,0,82,23,0.4367816091954023,0.2804878048780488
0000280_00801_d_0000616.jpg,F640,34,16,0,46,17,0.68,0.3695652173913043
0000280_00801_d_0000616.jpg,F1280,39,25,0,46,22,0.609375,0.4782608695652174
0000280_00801_d_0000616.jpg,DensK1,45,40,0,46,27,0.5294117647058824,0.5869565217391305
0000280_00801_d_0000616.jpg,UnifAll,46,54,0,46,28,0.46,0.6086956521739131
0000280_00801_d_0000616.jpg,SAHI640,29,59,0,46,13,0.32954545454545453,0.2826086956521739
0000333_03137_d_0000017.jpg,F640,20,9,0,23,4,0.6896551724137931,0.17391304347826086
0000333_03137_d_0000017.jpg,F1280,24,11,0,23,8,0.6857142857142857,0.34782608695652173
0000333_03137_d_0000017.jpg,DensK1,21,11,0,23,5,0.65625,0.21739130434782608
0000333_03137_d_0000017.jpg,UnifAll,22,22,0,23,6,0.5,0.2608695652173913
0000333_03137_d_0000017.jpg,SAHI640,19,23,0,23,4,0.4523809523809524,0.17391304347826086
0000249_01514_d_0000005.jpg,F640,28,9,0,36,15,0.7567567567567568,0.4166666666666667
0000249_01514_d_0000005.jpg,F1280,40,4,0,36,26,0.9090909090909091,0.7222222222222222
0000249_01514_d_0000005.jpg,DensK1,35,16,0,36,21,0.6862745098039216,0.5833333333333334
0000249_01514_d_0000005.jpg,UnifAll,37,16,0,36,22,0.6981132075471698,0.6111111111111112
0000249_01514_d_0000005.jpg,SAHI640,31,23,0,36,16,0.5740740740740741,0.4444444444444444
0000001_07999_d_0000012.jpg,F640,27,13,0,99,16,0.675,0.16161616161616163
0000001_07999_d_0000012.jpg,F1280,56,32,0,99,35,0.6363636363636364,0.35353535353535354
0000001_07999_d_0000012.jpg,DensK1,42,36,0,99,26,0.5384615384615384,0.26262626262626265
0000001_07999_d_0000012.jpg,UnifAll,57,70,0,99,36,0.44881889763779526,0.36363636363636365
0000001_07999_d_0000012.jpg,SAHI640,37,82,0,99,20,0.31092436974789917,0.20202020202020202
0000024_00000_d_0000012.jpg,F640,7,4,0,9,1,0.6363636363636364,0.1111111111111111
0000024_00000_d_0000012.jpg,F1280,8,5,0,9,3,0.6153846153846154,0.3333333333333333
0000024_00000_d_0000012.jpg,DensK1,8,7,0,9,2,0.5333333333333333,0.2222222222222222
0000024_00000_d_0000012.jpg,UnifAll,10,9,0,9,3,0.5263157894736842,0.3333333333333333
0000024_00000_d_0000012.jpg,SAHI640,4,13,0,9,0,0.23529411764705882,0.0
0000194_00399_d_0000121.jpg,F640,62,24,0,137,57,0.7209302325581395,0.41605839416058393
0000194_00399_d_0000121.jpg,F1280,75,32,0,137,71,0.7009345794392523,0.5182481751824818
0000194_00399_d_0000121.jpg,DensK1,77,34,0,137,72,0.6936936936936937,0.5255474452554745
0000194_00399_d_0000121.jpg,UnifAll,80,36,0,137,75,0.6896551724137931,0.5474452554744526
0000194_00399_d_0000121.jpg,SAHI640,61,56,0,137,56,0.5213675213675214,0.40875912408759124
0000346_07057_d_0000382.jpg,F640,49,17,0,50,20,0.7424242424242424,0.4
0000346_07057_d_0000382.jpg,F1280,62,21,0,50,34,0.7469879518072289,0.68
0000346_07057_d_0000382.jpg,DensK1,60,28,0,50,29,0.6818181818181818,0.58
0000346_07057_d_0000382.jpg,UnifAll,64,37,0,50,32,0.6336633663366337,0.64
0000346_07057_d_0000382.jpg,SAHI640,45,42,0,50,24,0.5172413793103449,0.48
0000360_00197_d_0000714.jpg,F640,35,9,0,50,13,0.7954545454545454,0.26
0000360_00197_d_0000714.jpg,F1280,44,21,0,50,23,0.676923076923077,0.46
0000360_00197_d_0000714.jpg,DensK1,38,13,0,50,16,0.7450980392156863,0.32
0000360_00197_d_0000714.jpg,UnifAll,47,34,0,50,23,0.5802469135802469,0.46
0000360_00197_d_0000714.jpg,SAHI640,33,43,0,50,14,0.4342105263157895,0.28
0000194_00998_d_0000124.jpg,F640,14,6,0,37,9,0.7,0.24324324324324326
0000194_00998_d_0000124.jpg,F1280,19,12,0,37,15,0.6129032258064516,0.40540540540540543
0000194_00998_d_0000124.jpg,DensK1,21,14,0,37,16,0.6,0.43243243243243246
0000194_00998_d_0000124.jpg,UnifAll,21,16,0,37,16,0.5675675675675675,0.43243243243243246
0000194_00998_d_0000124.jpg,SAHI640,10,20,0,37,5,0.3333333333333333,0.13513513513513514
0000327_03401_d_0000728.jpg,F640,21,17,0,56,10,0.5526315789473685,0.17857142857142858
0000327_03401_d_0000728.jpg,F1280,39,14,0,56,24,0.7358490566037735,0.42857142857142855
0000327_03401_d_0000728.jpg,DensK1,30,26,0,56,18,0.5357142857142857,0.32142857142857145
0000327_03401_d_0000728.jpg,UnifAll,38,35,0,56,23,0.5205479452054794,0.4107142857142857
0000327_03401_d_0000728.jpg,SAHI640,21,43,0,56,8,0.328125,0.14285714285714285
0000289_02401_d_0000823.jpg,F640,30,9,0,32,14,0.7692307692307693,0.4375
0000289_02401_d_0000823.jpg,F1280,36,14,0,32,20,0.72,0.625
0000289_02401_d_0000823.jpg,DensK1,38,20,0,32,22,0.6551724137931034,0.6875
0000289_02401_d_0000823.jpg,UnifAll,38,28,0,32,22,0.5757575757575758,0.6875
0000289_02401_d_0000823.jpg,SAHI640,21,40,0,32,9,0.3442622950819672,0.28125
0000277_02601_d_0000552.jpg,F640,43,21,0,94,21,0.671875,0.22340425531914893
0000277_02601_d_0000552.jpg,F1280,55,30,0,94,31,0.6470588235294118,0.32978723404255317
0000277_02601_d_0000552.jpg,DensK1,54,35,0,94,30,0.6067415730337079,0.3191489361702128
0000277_02601_d_0000552.jpg,UnifAll,68,60,0,94,42,0.53125,0.44680851063829785
0000277_02601_d_0000552.jpg,SAHI640,37,73,0,94,20,0.33636363636363636,0.2127659574468085
0000360_05293_d_0000740.jpg,F640,36,10,0,46,19,0.782608695652174,0.41304347826086957
0000360_05293_d_0000740.jpg,F1280,40,17,0,46,24,0.7017543859649122,0.5217391304347826
0000360_05293_d_0000740.jpg,DensK1,45,22,0,46,27,0.6716417910447762,0.5869565217391305
0000360_05293_d_0000740.jpg,UnifAll,46,32,0,46,28,0.5897435897435898,0.6086956521739131
0000360_05293_d_0000740.jpg,SAHI640,20,43,0,46,8,0.31746031746031744,0.17391304347826086
0000269_00601_d_0000351.jpg,F640,53,14,0,72,35,0.7910447761194029,0.4861111111111111
0000269_00601_d_0000351.jpg,F1280,70,19,0,72,51,0.7865168539325843,0.7083333333333334
0000269_00601_d_0000351.jpg,DensK1,70,26,0,72,52,0.7291666666666666,0.7222222222222222
0000269_00601_d_0000351.jpg,UnifAll,77,31,0,72,58,0.7129629629629629,0.8055555555555556
0000269_00601_d_0000351.jpg,SAHI640,47,47,0,72,31,0.5,0.4305555555555556
0000153_01601_d_0000001.jpg,F640,17,11,0,57,14,0.6071428571428571,0.24561403508771928
0000153_01601_d_0000001.jpg,F1280,30,13,0,57,27,0.6976744186046512,0.47368421052631576
0000153_01601_d_0000001.jpg,DensK1,26,16,0,57,22,0.6190476190476191,0.38596491228070173
0000153_01601_d_0000001.jpg,UnifAll,26,19,0,57,22,0.5777777777777777,0.38596491228070173
0000153_01601_d_0000001.jpg,SAHI640,8,35,0,57,6,0.18604651162790697,0.10526315789473684
0000153_00801_d_0000001.jpg,F640,17,8,0,40,10,0.68,0.25
0000153_00801_d_0000001.jpg,F1280,20,16,0,40,12,0.5555555555555556,0.3
0000153_00801_d_0000001.jpg,DensK1,21,18,0,40,13,0.5384615384615384,0.325
0000153_00801_d_0000001.jpg,UnifAll,22,19,0,40,14,0.5365853658536586,0.35
0000153_00801_d_0000001.jpg,SAHI640,15,18,0,40,8,0.45454545454545453,0.2
0000244_04000_d_0000009.jpg,F640,23,9,0,41,15,0.71875,0.36585365853658536
0000244_04000_d_0000009.jpg,F1280,36,15,0,41,24,0.7058823529411765,0.5853658536585366
0000244_04000_d_0000009.jpg,DensK1,27,19,0,41,19,0.5869565217391305,0.4634146341463415
0000244_04000_d_0000009.jpg,UnifAll,28,23,0,41,20,0.5490196078431373,0.4878048780487805
0000244_04000_d_0000009.jpg,SAHI640,28,23,0,41,19,0.5490196078431373,0.4634146341463415
0000193_01876_d_0000113.jpg,F640,42,9,0,97,32,0.8235294117647058,0.32989690721649484
0000193_01876_d_0000113.jpg,F1280,58,23,0,97,48,0.7160493827160493,0.4948453608247423
0000193_01876_d_0000113.jpg,DensK1,51,22,0,97,41,0.6986301369863014,0.422680412371134
0000193_01876_d_0000113.jpg,UnifAll,53,32,0,97,43,0.6235294117647059,0.44329896907216493
0000193_01876_d_0000113.jpg,SAHI640,34,46,0,97,24,0.425,0.24742268041237114
0000342_00393_d_0000244.jpg,F640,48,13,0,112,36,0.7868852459016393,0.32142857142857145
0000342_00393_d_0000244.jpg,F1280,79,21,0,112,63,0.79,0.5625
0000342_00393_d_0000244.jpg,DensK1,62,28,0,112,49,0.6888888888888889,0.4375
0000342_00393_d_0000244.jpg,UnifAll,85,48,0,112,68,0.6390977443609023,0.6071428571428571
0000342_00393_d_0000244.jpg,SAHI640,50,66,0,112,38,0.43103448275862066,0.3392857142857143
