dataset,attr,bin,n_images,n_sequences,sum_small_gt,method,small_recall,precision,mean_ms_1660_UAV_BT1,mean_ms_5060Ti_UAV_BT2
VisDrone_testdev,valid_gt,"[1,18]",352,,1614,F640,0.3643122676579926,0.6919431279620853,16.86591988734356,19.505911931446462
VisDrone_testdev,valid_gt,"[1,18]",352,,1614,F1280,0.5148698884758365,0.6601705237515225,32.514206534291255,25.711299147794556
VisDrone_testdev,valid_gt,"[1,18]",352,,1614,DensK1,0.4801734820322181,0.6003479017177648,33.71729630684554,39.31341136330957
VisDrone_testdev,valid_gt,"[1,18]",352,,1614,UnifAll,0.5631970260223048,0.44416129515814723,112.22349204531797,136.62992357955193
VisDrone_testdev,valid_gt,"[1,18]",352,,1614,SAHI640,0.24287484510532836,0.34347826086956523,334.2360602269268,458.604834942972
VisDrone_testdev,valid_gt,"[19,29]",296,,3620,F640,0.30165745856353593,0.6735316552250191,17.135693918552953,19.63882094600735
VisDrone_testdev,valid_gt,"[19,29]",296,,3620,F1280,0.4356353591160221,0.6642880311385014,32.858539526854216,25.821355067671753
VisDrone_testdev,valid_gt,"[19,29]",296,,3620,DensK1,0.4138121546961326,0.589193083573487,33.57358108081137,39.81454459475621
VisDrone_testdev,valid_gt,"[19,29]",296,,3620,UnifAll,0.4964088397790055,0.4767756717350552,110.57064256808214,136.44958040537392
VisDrone_testdev,valid_gt,"[19,29]",296,,3620,SAHI640,0.24861878453038674,0.36523842432619213,364.186765541072,499.0691158789166
VisDrone_testdev,valid_gt,"[30,43]",330,,7226,F640,0.32853584278992526,0.6653026838368035,17.25783454581467,19.99447939381229
VisDrone_testdev,valid_gt,"[30,43]",330,,7226,F1280,0.4847771934680321,0.6759667156142927,33.576740606275216,26.13249454575866
VisDrone_testdev,valid_gt,"[30,43]",330,,7226,DensK1,0.44824245779130917,0.5991320857065365,33.869241212254785,40.27958697031753
VisDrone_testdev,valid_gt,"[30,43]",330,,7226,UnifAll,0.5426238582895101,0.5044961033770732,113.62753393927547,137.4903800001255
VisDrone_testdev,valid_gt,"[30,43]",330,,7226,SAHI640,0.27373373927484085,0.3579246935201401,381.15069090872015,518.7334327270615
VisDrone_testdev,valid_gt,"[44,63]",313,,10688,F640,0.25823353293413176,0.6694513201320133,17.59264984034402,19.83392268343763
VisDrone_testdev,valid_gt,"[44,63]",313,,10688,F1280,0.4242140718562874,0.6782225023636936,33.90409648535586,26.294637060403964
VisDrone_testdev,valid_gt,"[44,63]",313,,10688,DensK1,0.38613398203592814,0.6124840381581912,34.11501980828904,40.43394025585714
VisDrone_testdev,valid_gt,"[44,63]",313,,10688,UnifAll,0.48007110778443113,0.5183979159882774,112.94313035172651,136.99180479207004
VisDrone_testdev,valid_gt,"[44,63]",313,,10688,SAHI640,0.21772080838323354,0.34941573304421153,389.17115079877806,525.6625313099627
VisDrone_testdev,valid_gt,"[64,446]",319,,27283,F640,0.19162115603122823,0.668763374619026,18.179777115417373,20.278440752213744
VisDrone_testdev,valid_gt,"[64,446]",319,,27283,F1280,0.3573287395081186,0.6790628159479537,35.81775266456901,27.305820376437442
VisDrone_testdev,valid_gt,"[64,446]",319,,27283,DensK1,0.3113293992596122,0.6147476340694006,35.03541755474495,41.51150532928806
VisDrone_testdev,valid_gt,"[64,446]",319,,27283,UnifAll,0.4029248982883114,0.5376798788184802,111.51069028254308,135.3575830721168
VisDrone_testdev,valid_gt,"[64,446]",319,,27283,SAHI640,0.19862185243558259,0.3659459459459459,400.83231316646925,537.7971771158399
VisDrone_testdev,small_gt,"[0,0]",111,,0,F640,,0.6921119592875318,16.859098199150854,19.8985918924246
VisDrone_testdev,small_gt,"[0,0]",111,,0,F1280,,0.6382316313823163,31.85282702710341,25.78801351420053
VisDrone_testdev,small_gt,"[0,0]",111,,0,DensK1,,0.6038543897216274,33.07859549550067,39.531257656939864
VisDrone_testdev,small_gt,"[0,0]",111,,0,UnifAll,,0.42524202223019003,110.37949008984084,136.75329819880636
VisDrone_testdev,small_gt,"[0,0]",111,,0,SAHI640,,0.38011192423590184,316.1709054064075,449.511541441966
VisDrone_testdev,small_gt,"[1,7]",312,,1188,F640,0.30976430976430974,0.7003912800447177,16.92466089769322,19.618356089407687
VisDrone_testdev,small_gt,"[1,7]",312,,1188,F1280,0.43602693602693604,0.6970689655172414,32.66930480794354,25.813992948781397
VisDrone_testdev,small_gt,"[1,7]",312,,1188,DensK1,0.4057239057239057,0.6257085950666462,33.525228846347325,39.467178525928134
VisDrone_testdev,small_gt,"[1,7]",312,,1188,UnifAll,0.5033670033670034,0.5034420494300869,114.53240544846594,139.78831410223881
VisDrone_testdev,small_gt,"[1,7]",312,,1188,SAHI640,0.21801346801346802,0.4048619065801196,334.9770278841905,460.25181025600966
VisDrone_testdev,small_gt,"[8,17]",308,,3788,F640,0.3051742344244984,0.6805489824893516,17.164283766288026,19.355358116520726
VisDrone_testdev,small_gt,"[8,17]",308,,3788,F1280,0.4440337909186906,0.6844848322865161,33.32938538941172,25.85327402568935
VisDrone_testdev,small_gt,"[8,17]",308,,3788,DensK1,0.40707497360084477,0.6011630724497213,33.63953376599541,39.80401201298772
VisDrone_testdev,small_gt,"[8,17]",308,,3788,UnifAll,0.49181626187961985,0.4945231098049693,113.50838376656847,137.89514837651052
VisDrone_testdev,small_gt,"[8,17]",308,,3788,SAHI640,0.2317845828933474,0.3827978250123579,373.3835665585361,508.94790714272705
VisDrone_testdev,small_gt,"[18,30]",301,,7159,F640,0.30199748568235785,0.6796501298346317,17.483022924128957,19.74197242540877
VisDrone_testdev,small_gt,"[18,30]",301,,7159,F1280,0.444894538343344,0.6754347826086956,33.517880398949124,26.128084385414464
VisDrone_testdev,small_gt,"[18,30]",301,,7159,DensK1,0.41835451878754015,0.6102142349477104,34.226935879854125,40.16832192708812
VisDrone_testdev,small_gt,"[18,30]",301,,7159,UnifAll,0.5106858499790473,0.506379234491861,112.41822691096311,136.35671395365424
VisDrone_testdev,small_gt,"[18,30]",301,,7159,SAHI640,0.24612376030171812,0.347584987543197,391.9301385377484,524.3441189375885
VisDrone_testdev,small_gt,"[31,47]",281,,10770,F640,0.2755803156917363,0.649970255800119,17.390421352188064,20.116936654375294
VisDrone_testdev,small_gt,"[31,47]",281,,10770,F1280,0.4561745589600743,0.6726211223422796,33.7017957288196,26.355830961121644
VisDrone_testdev,small_gt,"[31,47]",281,,10770,DensK1,0.4134633240482823,0.5956543456543456,34.12277793641835,40.498760142848326
VisDrone_testdev,small_gt,"[31,47]",281,,10770,UnifAll,0.5097493036211699,0.5099337748344371,113.01407153034388,136.63645231338373
VisDrone_testdev,small_gt,"[31,47]",281,,10770,SAHI640,0.23797585886722378,0.3324626615765856,396.2407622777288,534.0031153017827
VisDrone_testdev,small_gt,"[48,436]",297,,27526,F640,0.19574220736757975,0.659953232254658,18.257074410339616,20.430560942583636
VisDrone_testdev,small_gt,"[48,436]",297,,27526,F1280,0.35951464070333505,0.6700717021903546,36.14907037069502,27.30038417525776
VisDrone_testdev,small_gt,"[48,436]",297,,27526,DensK1,0.3146479691927632,0.6092351806990656,35.198778114393306,41.68855791265907
VisDrone_testdev,small_gt,"[48,436]",297,,27526,UnifAll,0.4048535929666497,0.5351041629823506,108.11487912479278,132.01565117816682
VisDrone_testdev,small_gt,"[48,436]",297,,27526,SAHI640,0.20177286928721935,0.3537466565531558,393.877489226002,532.9707350171001
UAVDT,valid_gt,"[0,0]",326,2,0,F640,,0.0,15.924075766866858,
UAVDT,valid_gt,"[0,0]",326,2,0,F1280,,0.0,29.30087515336112,
UAVDT,valid_gt,"[0,0]",326,2,0,DensK1,,0.0,31.102432208601744,
UAVDT,valid_gt,"[0,0]",326,2,0,UnifAll,,0.0,42.387938957057365,
UAVDT,valid_gt,"[0,0]",326,2,0,SAHI640,,0.0,172.79885521472153,
UAVDT,valid_gt,"[1,9]",9522,25,31618,F640,0.7856284394964893,0.2946682831928271,15.759404683883275,
UAVDT,valid_gt,"[1,9]",9522,25,31618,F1280,0.7973622620026567,0.2382857246758914,30.665966614157092,
UAVDT,valid_gt,"[1,9]",9522,25,31618,DensK1,0.7983110886204061,0.22445499475305508,31.470932955247942,
UAVDT,valid_gt,"[1,9]",9522,25,31618,UnifAll,0.8121955847934721,0.21299694918486034,45.04042646502403,
UAVDT,valid_gt,"[1,9]",9522,25,31618,SAHI640,0.7807261686381175,0.22970561202180917,146.5805027515243,
UAVDT,valid_gt,"[10,13]",8062,31,51032,F640,0.7797656372472175,0.31770108308151973,16.269079211116658,
UAVDT,valid_gt,"[10,13]",8062,31,51032,F1280,0.85087788054554,0.26214968316719944,32.202881828332586,
UAVDT,valid_gt,"[10,13]",8062,31,51032,DensK1,0.8326148299106443,0.2384191940174491,32.16406063011352,
UAVDT,valid_gt,"[10,13]",8062,31,51032,UnifAll,0.8455087004232639,0.22668606439778383,45.92839616720337,
UAVDT,valid_gt,"[10,13]",8062,31,51032,SAHI640,0.7826069916914877,0.2436888672761037,161.37469577027935,
UAVDT,valid_gt,"[14,18]",7216,32,59289,F640,0.8255494273811331,0.4040201460298896,16.767250374175287,
UAVDT,valid_gt,"[14,18]",7216,32,59289,F1280,0.8928806355310429,0.3466214096045293,33.57515191238605,
UAVDT,valid_gt,"[14,18]",7216,32,59289,DensK1,0.874749110290273,0.32385715148644223,32.906159063197855,
UAVDT,valid_gt,"[14,18]",7216,32,59289,UnifAll,0.8795560727959655,0.3061937808262557,47.07267840910365,
UAVDT,valid_gt,"[14,18]",7216,32,59289,SAHI640,0.8332743004604564,0.3265710895068972,166.7344055016632,
UAVDT,valid_gt,"[19,27]",8013,27,76315,F640,0.8473956627137522,0.511735638309614,16.86265468612097,
UAVDT,valid_gt,"[19,27]",8013,27,76315,F1280,0.9143418725021293,0.465009104724873,33.72844612506985,
UAVDT,valid_gt,"[19,27]",8013,27,76315,DensK1,0.8885540195243399,0.43162090482812815,33.33485189067728,
UAVDT,valid_gt,"[19,27]",8013,27,76315,UnifAll,0.8986306754897464,0.4128469073210798,47.96795317610273,
UAVDT,valid_gt,"[19,27]",8013,27,76315,SAHI640,0.8301513463932385,0.41976044587348105,165.65433712717254,
UAVDT,valid_gt,"[28,107]",7596,19,275607,F640,0.6219580779878595,0.5044211164038884,18.335482306474947,
UAVDT,valid_gt,"[28,107]",7596,19,275607,F1280,0.726505495143447,0.4371894195526171,36.05014457609499,
UAVDT,valid_gt,"[28,107]",7596,19,275607,DensK1,0.6947102214384976,0.4184219349008061,35.45769998684797,
UAVDT,valid_gt,"[28,107]",7596,19,275607,UnifAll,0.7141981154324818,0.40109560861498506,50.64941328331219,
UAVDT,valid_gt,"[28,107]",7596,19,275607,SAHI640,0.7177720449770869,0.4307592506267053,183.89667846235497,
UAVDT,small_gt,"[0,0]",4649,17,0,F640,,0.5570992744063324,15.488183695410955,
UAVDT,small_gt,"[0,0]",4649,17,0,F1280,,0.5166209798849465,29.41291256184553,
UAVDT,small_gt,"[0,0]",4649,17,0,DensK1,,0.4792166831426823,30.985696235753192,
UAVDT,small_gt,"[0,0]",4649,17,0,UnifAll,,0.45355700528114323,44.66901785331772,
UAVDT,small_gt,"[0,0]",4649,17,0,SAHI640,,0.4785833931562575,122.94599602063929,
UAVDT,small_gt,"[1,4]",9092,30,22378,F640,0.830592546250782,0.43112346491762776,15.796788627358008,
UAVDT,small_gt,"[1,4]",9092,30,22378,F1280,0.8895343641076057,0.39516175999534087,31.69563233612191,
UAVDT,small_gt,"[1,4]",9092,30,22378,DensK1,0.8665206899633568,0.36730163155264384,31.375267531880667,
UAVDT,small_gt,"[1,4]",9092,30,22378,UnifAll,0.8885512556975601,0.3521075476014784,44.93986851077938,
UAVDT,small_gt,"[1,4]",9092,30,22378,SAHI640,0.8116900527303602,0.3643442936540508,157.00486029476056,
UAVDT,small_gt,"[5,7]",6918,31,42458,F640,0.8558575533468369,0.4068058231858032,16.34254232436547,
UAVDT,small_gt,"[5,7]",6918,31,42458,F1280,0.8928117198172312,0.34652551596843145,32.37622359063497,
UAVDT,small_gt,"[5,7]",6918,31,42458,DensK1,0.8759479956663055,0.32234655180485977,32.44023514019277,
UAVDT,small_gt,"[5,7]",6918,31,42458,UnifAll,0.8865938103537614,0.3037088441108293,46.034950028899935,
UAVDT,small_gt,"[5,7]",6918,31,42458,SAHI640,0.8246502425926798,0.3165439407357086,163.5420096704188,
UAVDT,small_gt,"[8,11]",6807,36,63797,F640,0.828440208787247,0.34125860448900286,16.985896532980995,
UAVDT,small_gt,"[8,11]",6807,36,63797,F1280,0.8842578804645986,0.2772195019494073,33.35415457616643,
UAVDT,small_gt,"[8,11]",6807,36,63797,DensK1,0.8727212878348511,0.2563568230156124,33.37096481564474,
UAVDT,small_gt,"[8,11]",6807,36,63797,UnifAll,0.8824396131479537,0.2426025467820288,47.791281195833974,
UAVDT,small_gt,"[8,11]",6807,36,63797,SAHI640,0.810821825477687,0.2547916328847089,168.75329093580734,
UAVDT,small_gt,"[12,18]",6236,23,88884,F640,0.8245128482066514,0.4218433322847939,17.150690218092418,
UAVDT,small_gt,"[12,18]",6236,23,88884,F1280,0.8838936141487782,0.3590281587567413,34.265967302749644,
UAVDT,small_gt,"[12,18]",6236,23,88884,DensK1,0.8668264254533999,0.3316186639408334,33.669800785771535,
UAVDT,small_gt,"[12,18]",6236,23,88884,UnifAll,0.8727667521713695,0.31560179827168006,48.402105724832055,
UAVDT,small_gt,"[12,18]",6236,23,88884,SAHI640,0.8320957652670897,0.33697162700736627,175.15986045543224,
UAVDT,small_gt,"[19,107]",7033,18,276344,F640,0.6101127580117535,0.47108261151771524,18.56128154414714,
UAVDT,small_gt,"[19,107]",7033,18,276344,F1280,0.7193534145847205,0.40778182001495533,36.67481147448181,
UAVDT,small_gt,"[19,107]",7033,18,276344,DensK1,0.6859747271516661,0.38808944984680965,35.852830698149596,
UAVDT,small_gt,"[19,107]",7033,18,276344,UnifAll,0.705620530932461,0.37376178424994255,51.16801124699156,
UAVDT,small_gt,"[19,107]",7033,18,276344,SAHI640,0.7104840343919173,0.4043838880503208,186.12957841605086,
